book_id,reader_id
959,457
469,1813
125,315
296,1633
874,2671
404,1496
644,2103
859,2934
247,2865
231,166
65,1996
746,3863
972,3477
173,2204
967,4576
438,4849
488,4813
93,2846
667,1900
874,4600
599,188
919,2140
688,1075
140,3053
974,43
846,3970
463,1076
733,1478
512,125
704,3050
679,2846
577,326
89,1669
996,2235
287,3689
71,1543
673,474
545,4914
461,2494
300,3690
152,702
336,601
192,241
574,1286
925,2563
807,4855
908,1036
799,2582
718,3522
395,2341
135,4084
849,2654
887,4816
750,4508
137,3011
927,2101
609,1290
540,934
271,1026
78,61
769,521
781,2939
76,2363
703,4601
680,3513
401,3484
60,3058
593,2071
768,4805
487,2728
673,2312
830,2815
774,4186
8,3015
410,4590
135,4599
846,3350
847,2494
980,702
514,4957
501,317
839,900
596,2981
980,2640
448,3684
837,378
97,693
943,4668
79,2184
898,2922
918,4905
617,3673
440,3155
5,3301
646,26
803,3550
917,4955
509,1894
176,2891
780,3192
665,224
633,1339
767,4221
920,4548
414,1904
430,1609
422,4924
694,3424
259,48
396,784
946,15
965,4871
526,4530
408,3692
322,3748
51,2729
350,3859
310,541
667,3832
600,2822
723,1484
758,1058
446,1111
615,1601
694,3442
999,4852
519,2181
274,316
133,2850
648,4612
265,3539
768,687
520,2258
56,4361
657,2730
833,4803
12,1500
83,4902
285,2224
97,3345
505,3669
904,2645
484,2265
418,4586
650,2332
276,795
608,1188
444,3738
526,3955
193,4958
883,440
197,864
856,495
905,4435
965,4044
42,3196
134,4396
845,4064
640,2332
240,1564
655,3908
956,915
776,2057
3,2289
814,1010
651,155
760,2960
488,2407
80,3340
621,3206
764,1898
857,3873
258,3714
773,2483
160,2608
23,2525
113,4267
359,119
138,3784
358,845
129,3864
85,1538
495,1373
990,1093
44,1625
951,1680
384,105
347,2781
238,4376
493,3479
863,957
729,2483
591,298
392,3690
324,4986
443,2230
518,4743
766,4033
266,3019
554,4265
944,4356
140,1246
257,3673
613,3198
923,4435
508,2223
889,791
553,3581
44,3771
412,2419
80,2968
951,2404
191,1042
686,988
243,4918
109,400
839,1220
750,33
166,2190
981,4857
610,142
393,1928
925,2627
252,2164
402,1661
386,3277
635,3829
703,3415
68,3357
301,433
946,3270
358,3387
911,1503
898,1969
672,3016
444,4984
664,4116
563,4821
20,1387
838,936
719,4287
438,1739
735,3613
203,3230
309,651
120,4365
311,3086
681,4220
703,3682
31,2355
372,3723
274,2612
949,572
125,351
633,4552
239,1727
891,2724
23,1227
411,2167
681,4171
685,4817
759,2028
382,1657
489,2397
48,1775
530,1804
682,4996
655,1174
586,3948
265,4508
240,181
786,4085
181,4731
643,4508
927,3775
650,3288
524,1581
108,2647
424,1952
490,1187
755,2077
499,2725
845,4333
864,1297
714,1174
178,90
589,1091
993,188
990,1849
185,2448
609,4903
447,3558
963,671
578,1489
400,4899
957,2571
766,300
585,3952
275,2120
18,2809
925,2574
908,4237
569,2004
709,4337
303,4051
498,1127
527,4522
532,4998
554,2437
782,4194
273,3117
614,2915
13,1852
60,799
524,365
514,2491
527,4189
465,3913
165,3447
914,4300
529,4241
109,3971
493,3224
694,918
160,3006
698,723
699,3211
408,4527
405,3735
273,3124
815,137
59,3422
777,1197
429,1848
777,1394
350,4305
238,3657
328,2815
335,3443
982,5000
608,3242
393,2556
739,4963
774,4475
986,4737
350,1176
58,803
500,1711
962,1921
41,1978
198,4544
720,1024
752,2567
29,4082
965,3374
828,2312
284,14
864,4973
537,2011
640,3185
276,3556
87,1541
912,1877
796,2479
857,4938
780,4653
303,4257
952,2146
478,2277
73,4256
384,3311
165,4055
454,521
571,3436
110,4885
291,919
460,1423
726,3045
39,3937
300,2008
207,4505
2,2996
333,1001
771,1699
25,1246
568,1056
527,3555
984,3167
434,300
956,1637
133,4246
33,2072
523,4447
86,107
528,2067
92,3651
238,3561
142,21
570,4013
226,815
369,1162
998,4865
14,166
375,3889
782,2849
227,4073
165,1869
882,1566
893,2569
562,2096
889,3469
809,3929
484,1855
562,4485
63,3265
904,4185
9,1734
147,4281
131,4613
965,4577
184,710
793,1282
867,215
825,4112
703,4502
873,3434
764,1262
114,3614
514,3580
264,3006
580,3848
770,4683
793,2026
979,2176
397,536
779,745
838,1697
527,245
707,3659
820,4115
49,1542
771,3131
446,2638
624,3200
421,3035
54,2870
666,1378
607,1758
838,2911
893,4656
646,3297
202,2891
919,1531
984,4562
478,581
10,809
667,2712
201,1820
919,3333
437,515
620,336
827,861
802,3362
271,294
126,1675
595,3661
149,4590
950,4765
418,74
783,3993
504,1015
189,953
925,756
500,2154
146,4602
94,4872
497,3647
876,4488
12,3620
797,3067
474,2918
556,3163
650,1633
268,2266
242,4191
843,1164
577,4801
887,1816
185,2701
478,3723
261,1359
941,2531
559,1069
770,4479
368,4331
291,1642
900,3755
400,3751
492,4944
504,307
887,3179
709,596
440,4988
524,4543
996,2253
305,40
583,3561
952,3357
703,2356
905,4028
631,1980
186,3440
274,987
93,691
746,1743
303,717
786,3786
456,3155
885,905
302,1370
857,4680
138,4412
915,512
229,1464
806,66
522,2136
855,2952
978,4479
627,2541
129,3751
221,1341
9,1915
992,1969
458,2644
1000,2339
999,1153
34,4781
420,2144
519,816
498,809
120,1413
881,2228
441,2648
691,3230
368,2756
158,3638
1,4684
349,4684
212,2982
67,27
621,994
979,2351
343,117
606,3439
575,865
108,3106
131,551
850,1432
796,4307
273,1131
942,1297
661,3135
242,2816
716,714
199,951
926,671
776,778
448,1875
631,2581
961,1424
948,162
172,742
676,2767
977,1398
29,4983
866,3078
77,2746
949,2933
605,4536
560,1517
453,2582
818,4917
999,4695
252,3779
128,3050
132,2430
68,928
757,1193
404,4437
759,1625
622,431
777,3522
92,3352
110,4602
212,1234
645,4581
658,2400
477,462
577,1874
447,522
963,4011
526,1791
374,460
2,2476
467,443
38,951
182,3281
263,482
47,3629
607,4878
669,3876
55,1265
893,4443
255,2912
171,3779
322,1786
634,3052
565,783
645,2307
49,1278
982,3073
328,1776
777,3592
67,3984
401,3664
78,2385
448,1844
978,1237
766,1925
224,14
587,4208
158,2337
833,3363
181,4203
25,2830
563,3944
173,2707
416,2221
612,524
464,2474
447,3749
880,3633
431,4973
63,4995
575,637
49,1233
882,1485
916,1481
831,4677
544,3655
752,1364
907,1434
161,3760
499,2095
409,4228
254,3176
771,4410
809,62
40,2687
4,1480
607,4137
85,3662
746,4749
333,842
43,872
14,2820
873,1057
20,4419
526,1852
393,856
240,3801
733,1414
65,408
247,723
226,4818
352,2209
26,2041
771,2872
871,2716
773,4654
509,3926
372,2989
289,790
743,3410
472,4529
170,1078
438,53
114,3249
576,124
956,2152
335,1759
13,997
685,621
378,3749
391,894
86,2481
177,460
90,1824
992,969
807,710
844,1292
383,27
995,2744
407,4839
18,4756
21,2646
393,2220
206,2133
461,749
515,1066
930,3638
229,2535
152,4638
977,2860
380,2052
764,2173
117,1439
840,1741
43,111
525,4249
832,3695
840,2856
38,94
546,4765
507,4191
181,3407
146,579
509,913
157,1893
372,4283
367,3897
199,3366
467,2160
218,1490
150,4184
638,930
106,3272
789,1691
391,419
299,868
832,4092
170,694
581,3069
793,1083
783,4272
107,1475
232,47
119,1175
839,3068
970,4268
543,3524
416,3073
218,637
561,4169
672,1843
684,3481
349,3987
549,2257
512,4025
656,209
53,2742
171,2733
106,3392
696,3866
99,4961
499,943
778,886
583,3593
612,1678
770,2525
373,415
945,686
306,1843
912,3990
620,2698
507,2872
706,1062
328,1799
304,4305
373,3841
460,3036
740,3073
911,4799
838,2514
20,3144
502,649
81,938
339,1773
911,1103
209,1325
678,3593
61,1597
917,3629
765,3958
376,1605
679,2418
785,4855
961,1197
731,2856
979,916
753,2592
765,56
939,3739
744,2702
854,3956
897,1447
48,2103
26,4956
806,2077
775,2549
643,872
998,154
222,4160
96,1054
893,3288
185,3386
156,3164
536,4517
418,2377
871,4868
771,2790
662,2087
83,2878
610,1025
398,3213
113,3375
800,1845
901,367
152,3378
760,1681
384,2237
964,3250
520,2226
131,4264
298,2869
616,2279
953,1617
269,1528
875,1749
293,2302
777,1475
99,3108
815,2181
693,1589
845,242
105,978
628,2619
540,1670
808,3892
46,1372
549,1746
234,1110
70,3480
804,821
465,2275
58,2482
214,1746
537,1
541,3187
414,3228
12,3470
296,848
782,267
18,2551
623,3046
79,4609
257,3690
377,1572
661,990
492,4496
526,3643
266,1599
417,1395
765,3583
696,831
167,4782
181,4858
358,2770
635,528
822,3157
569,454
265,3446
67,2049
387,1439
144,167
747,3095
847,3699
318,3932
643,2989
727,182
582,357
722,716
97,3531
947,4982
752,3257
981,3016
434,1652
846,1443
28,2493
459,3547
317,3609
276,212
301,2945
44,2077
460,3297
94,1607
696,2115
968,4217
159,2517
676,4492
396,841
817,2309
969,4200
846,439
269,2414
51,1132
594,4419
865,3147
642,2852
130,830
931,4082
949,37
892,4478
221,1711
993,3774
282,4549
721,3276
518,2519
302,2716
618,4613
637,2520
179,2618
79,4238
107,622
690,4647
728,4572
439,951
377,2304
535,1936
206,1137
111,1198
921,4464
464,3377
371,4547
134,4768
562,2966
166,4851
138,1957
216,2386
517,113
268,2668
892,2514
675,433
790,3034
124,4022
622,3768
668,150
390,1332
535,2141
368,2783
271,2758
733,2247
513,3869
989,691
4,3778
827,4375
831,1468
500,216
606,3377
802,4310
970,2874
688,1607
698,1416
272,4134
326,4312
280,3532
961,2918
435,1841
309,4195
247,4402
958,1384
121,99
591,2787
513,864
408,4134
24,1416
949,3507
684,1523
547,2856
679,2717
88,3891
493,1329
610,427
968,4962
154,3509
157,3750
172,2221
380,2575
726,349
472,791
717,1030
840,4104
655,3905
735,4401
887,3102
513,532
604,3244
980,1973
208,3348
628,554
41,903
532,3778
885,1247
675,3990
515,1830
180,1953
437,1648
29,2249
168,1370
491,3834
292,4983
829,4007
451,3054
539,795
834,1718
373,4147
439,3323
178,3030
70,2689
922,4611
934,456
721,2003
30,3616
574,1305
103,712
674,2120
482,2095
360,4911
369,4670
265,1022
579,771
565,2430
380,3200
745,3405
201,2269
697,1338
587,742
509,1130
840,3160
73,2075
932,3623
389,3010
471,3610
7,2117
980,3111
589,4577
697,2710
616,3597
559,2949
67,4527
54,2454
662,3783
798,4440
983,814
243,460
373,1772
761,4033
767,3
377,4543
870,4157
170,4160
830,3855
13,1337
353,3369
923,2359
747,2341
685,1467
166,4868
957,3857
228,1986
984,4617
941,4255
520,3749
243,4602
677,4664
40,2081
981,2458
944,1318
785,3179
965,2713
615,115
66,2990
572,4286
490,1560
965,1899
740,4585
89,1059
474,4337
283,3868
590,841
356,4025
78,1073
464,4393
706,2249
991,2010
515,985
537,1831
293,1800
908,3063
246,4915
585,3937
148,1715
339,2982
374,1092
637,1598
687,759
714,4980
699,4102
247,3861
388,1147
711,1824
451,1603
98,616
914,430
269,4103
182,2949
623,221
917,2316
408,2158
380,4549
597,3462
559,4312
513,992
987,855
295,3358
853,3584
790,2618
810,1671
34,2617
431,3345
933,3702
563,1897
824,2503
197,634
785,2967
117,2325
258,1630
615,2205
205,2595
769,3875
709,2761
405,3964
247,3143
458,4721
419,4865
74,4840
334,3796
982,4682
759,2926
286,443
875,4877
592,4638
863,2796
295,1079
159,3736
705,4489
197,3668
428,3243
162,1228
985,3339
145,1456
111,3815
250,1354
900,1827
584,3288
345,3435
146,4856
834,983
967,1977
675,2770
12,1685
90,4143
410,4242
873,1581
700,3385
548,973
854,3324
173,1446
504,3213
181,1010
124,2260
240,4238
267,3643
930,3512
195,4899
589,1545
232,2752
805,1276
319,980
751,2764
666,2302
536,4133
866,4495
859,1124
755,2010
905,2887
214,228
303,3395
259,2969
904,3217
636,1474
489,3675
949,3203
571,4054
507,838
223,492
353,4710
515,2977
502,3876
168,979
842,4352
523,4345
929,407
323,789
664,2169
429,2210
322,4857
595,626
479,3574
637,624
393,2031
159,3130
510,4859
882,4296
545,4920
391,4305
429,4480
74,4093
850,2501
611,3810
343,3340
550,4644
954,3154
272,691
355,3552
30,3700
784,4190
359,3962
977,1417
823,4213
261,4052
922,1279
302,504
639,472
307,3413
362,355
984,393
592,4127
599,3698
652,1125
2,4241
935,1686
651,2325
502,116
389,1939
804,236
188,2168
431,387
18,4758
274,2389
199,1302
548,1319
210,4392
953,4382
167,4139
693,4613
444,2381
673,3482
907,1803
262,4374
896,618
379,1171
808,3973
369,462
259,4211
888,3382
93,2942
248,1708
353,3181
366,4110
567,1971
784,3877
272,1514
662,386
469,2620
489,536
519,3866
898,1569
398,2773
681,1344
327,3567
986,1861
512,249
487,1850
583,4927
407,3414
170,4236
72,2096
963,4576
835,1740
272,2857
215,1162
523,2402
259,1623
113,98
757,645
910,1964
567,2189
818,511
936,3109
707,943
812,1820
463,2152
606,501
548,3036
207,1200
972,3387
416,1883
8,1045
721,4533
13,1221
365,183
757,1788
965,2027
371,1392
183,4594
472,252
363,2828
789,4885
336,3158
742,528
25,1448
44,574
395,63
216,2789
251,1754
756,4994
976,307
688,3729
758,536
990,4795
459,3114
977,1922
275,492
639,1156
682,2096
538,2359
198,1793
109,4142
636,296
883,1775
463,2559
902,4969
300,367
163,4915
128,3289
334,4282
685,2580
60,935
665,4097
31,1200
203,2281
635,2539
665,1712
316,37
932,2978
554,4825
717,2718
597,4540
375,3321
694,1065
791,3833
742,1471
778,1731
858,3022
526,2034
938,1009
460,4871
599,4337
128,2902
44,3713
976,2975
505,2531
839,4341
594,3365
794,2120
86,2083
312,3315
753,718
388,2429
763,3212
872,980
229,4919
838,3734
739,402
777,1421
409,4673
707,2925
994,3302
244,827
955,389
622,1197
932,3519
256,3324
299,2800
177,509
262,4320
140,4478
101,3249
464,1771
855,2338
911,516
201,31
131,4708
300,4830
525,3761
247,4347
496,3087
214,894
195,478
879,4568
533,3701
298,1608
360,1034
999,3490
989,964
54,1271
147,2719
916,1742
378,2592
614,2422
158,4856
562,3548
989,4564
255,497
747,1886
491,1468
116,4815
998,2428
157,4494
387,746
557,1569
19,105
325,2949
765,2847
11,1024
59,29
277,2774
911,4016
632,903
585,2888
645,4203
905,1020
568,473
696,266
822,2351
966,2008
395,1423
112,1663
622,2755
809,744
911,3347
71,2055
859,4942
566,673
123,683
854,3788
354,587
78,556
608,4711
517,144
550,1073
31,442
632,2864
768,4571
608,4533
57,592
600,131
854,2409
481,743
268,1661
210,3773
727,2716
877,3949
237,4629
796,4978
118,1909
351,4200
568,4685
380,3860
392,4338
272,882
975,2204
363,190
746,344
693,4588
928,882
143,328
508,2076
88,4025
313,3582
767,3803
697,2032
474,2203
13,4814
380,2291
802,2700
976,3494
263,1149
34,340
445,3001
820,1458
543,3929
497,3945
567,2971
961,695
350,2833
973,2419
169,4942
724,3403
385,4295
605,1062
805,4704
980,1766
338,1659
330,1092
613,2166
150,3580
796,1108
725,318
373,4208
458,2044
701,1569
297,1103
85,3705
788,681
45,1326
144,1972
200,3228
615,193
417,1040
507,2529
382,4105
186,1324
396,1419
495,2957
453,3145
226,863
524,761
995,1968
574,2869
490,4717
505,601
923,1108
175,19
300,2601
12,4459
69,3282
510,1136
531,3998
965,3083
102,4414
698,872
67,1314
835,4723
623,1457
633,231
35,107
409,1544
806,1954
407,1289
214,703
981,2756
606,1105
604,4343
112,2348
63,4617
559,4814
811,2941
591,1777
453,1362
40,1563
876,4947
121,1284
339,3377
594,4185
273,2800
89,2022
486,2790
920,4645
698,189
810,1932
247,3177
831,605
145,2602
254,14
178,3950
276,4953
437,3085
565,1360
620,2135
457,2029
796,4564
940,3082
748,297
843,4526
451,4189
952,919
31,3249
242,936
466,646
498,354
63,167
198,2639
700,111
977,2533
922,1561
992,1145
469,362
270,3152
4,4570
620,1720
439,387
990,2813
429,1331
671,1995
894,1744
681,3804
709,953
427,476
239,562
592,2999
600,4252
46,2494
976,2506
921,770
111,3419
818,349
478,2089
754,2139
390,2454
947,1074
218,4737
977,3954
880,4208
371,510
645,3042
399,4629
973,3330
684,1689
632,4179
297,552
730,256
671,3248
256,4610
46,3420
394,4206
124,2445
106,4079
496,3577
141,4868
597,1610
288,1442
204,4274
974,1589
154,1989
143,122
314,789
92,3006
893,3705
167,1331
834,1097
472,1967
75,3377
46,1481
263,2717
783,1723
486,810
169,301
41,2694
464,1057
994,3904
849,4120
447,4328
477,1469
263,2960
147,1927
608,4644
591,2551
5,1413
639,191
315,884
509,1400
628,4429
825,610
144,2220
239,1089
218,1712
708,4596
995,2709
545,1412
293,4690
696,1483
99,1212
747,4578
585,2461
150,3141
814,1754
823,837
771,1505
826,562
80,1064
400,90
474,233
911,2176
577,4022
324,551
983,4142
90,4966
859,4035
557,3780
278,3502
812,2564
889,311
475,2175
710,1858
348,2261
19,2449
500,3279
591,3642
55,1513
813,3038
743,1589
552,2735
936,4050
238,2442
104,601
12,2664
450,4831
37,4990
651,3074
554,131
27,481
373,4405
871,2364
809,3375
118,2942
498,2093
890,4019
495,3760
807,3828
589,4226
128,691
816,4644
499,3942
360,1910
415,2243
327,4332
886,3310
318,2626
770,2874
231,2229
480,4529
847,503
478,4003
803,1393
596,2241
316,3598
119,3119
969,1914
447,1490
85,1354
537,956
347,2587
461,1087
288,4095
488,3515
1000,354
200,3753
810,1746
209,4819
358,2522
903,2372
943,1312
477,2163
110,1718
813,4515
63,1625
466,3901
615,753
771,2241
975,4313
890,498
196,3810
668,1873
768,791
905,4953
151,1654
751,371
902,91
415,3151
902,1787
175,3800
282,1341
425,2768
18,1932
837,1050
406,545
971,3626
210,4580
162,4396
685,2879
817,183
859,3279
931,1564
366,4935
585,1888
949,3673
855,3437
476,2475
893,813
710,363
548,3906
256,3153
901,2286
985,1243
314,2682
394,4549
771,1074
760,2151
304,1822
759,1081
45,4983
8,1824
886,2382
280,484
19,2401
308,3612
274,3346
360,2059
558,625
457,3330
900,2719
160,672
829,2318
92,1708
593,3202
362,1147
363,3892
417,1691
65,3692
269,3790
163,689
602,2437
175,3559
455,1898
687,3102
473,3217
482,3576
815,3472
13,2848
154,401
585,1366
372,4278
894,1005
863,3776
173,3366
450,4316
920,956
390,3209
21,2060
750,542
266,850
142,4531
262,2116
902,1615
819,1774
419,1284
236,3761
509,4614
549,3234
605,1184
805,3463
298,2672
81,2674
742,3388
80,1004
739,1177
996,758
747,4724
602,392
654,3035
217,1683
969,484
460,1903
90,4057
240,1465
566,2499
12,4776
475,89
581,4687
481,2296
783,905
819,698
393,3044
932,2124
104,2242
253,3777
764,3955
464,2139
620,4490
79,2952
862,4039
946,2015
155,4701
960,4006
92,2318
529,3557
196,2271
520,4122
756,748
893,1915
338,4716
163,3579
464,2699
96,205
508,2391
504,550
769,1960
93,4417
24,1105
730,2626
796,3784
429,747
857,4674
895,688
116,3921
197,2120
782,2162
267,3020
647,2220
241,2
652,3137
130,825
753,2620
18,3617
810,425
322,4953
684,594
869,3118
42,3670
904,871
803,169
933,774
16,4904
317,578
370,4787
316,3144
901,4654
968,2932
147,3440
54,928
447,4133
2,4621
126,1441
547,2446
120,2013
153,1160
564,1006
342,4369
150,2952
193,3029
930,2385
70,1191
107,2446
331,3514
798,3506
4,2583
626,1873
24,2214
650,488
85,4430
778,3883
90,1971
802,837
183,2428
912,2532
274,3429
604,86
788,3424
724,3982
585,3280
892,3481
500,2470
577,2577
525,135
959,1125
605,1528
534,3791
812,4827
748,1017
1000,1206
940,1490
154,2363
271,2891
573,3297
485,2106
549,274
224,94
335,2207
617,2040
117,2110
250,2096
435,2741
972,2770
591,1273
795,1794
574,3943
117,4078
467,3226
972,4281
306,3238
790,4872
68,4123
872,3318
567,2555
419,1637
652,2104
903,196
108,2982
126,1398
5,1047
774,2286
676,3831
271,3437
271,509
446,1526
683,1025
43,3642
105,1717
788,2892
323,1346
260,1018
328,1863
764,2401
261,2192
614,3932
76,1622
10,4204
326,4864
687,3997
848,4734
892,4464
831,1082
947,2381
793,1619
567,2240
792,441
178,3952
865,3765
331,2263
138,3524
441,4936
78,12
546,4834
476,2589
772,2258
912,3623
763,2295
653,4927
946,1421
765,3298
609,3881
992,2548
338,4661
672,3676
971,924
875,53
895,68
565,4560
409,1025
464,1546
335,3635
652,4797
724,3520
350,2222
46,777
731,3557
458,725
355,2229
680,3454
831,3421
599,4158
646,2287
229,3456
530,2586
109,4357
651,4634
208,3719
82,3607
201,4483
386,3418
798,419
544,4229
818,1246
44,1447
212,916
471,149
361,1873
947,3987
760,3926
220,3339
957,1933
171,388
517,3205
560,3607
372,3455
121,4001
608,2045
497,3765
994,4545
698,431
749,1912
503,3620
908,643
176,3943
192,830
418,4742
955,2980
534,3252
142,1457
82,4981
588,1966
839,4731
400,735
775,2692
729,1099
102,1402
133,2722
887,1077
9,803
242,3017
999,1812
810,443
336,1455
491,604
991,2141
647,2832
285,2374
476,2364
101,181
538,4229
860,348
40,249
499,4151
946,3106
453,3927
762,2611
707,3731
73,3149
220,2087
966,1033
738,2197
633,2264
46,1960
579,3097
357,3415
344,4802
303,448
646,4950
249,1306
186,3123
513,1480
989,2941
883,3495
975,232
494,2170
835,3133
734,1366
573,4070
271,1902
543,4414
391,2082
61,1929
391,1224
114,3627
258,585
497,3123
700,3984
652,3805
18,4747
982,2330
720,1068
724,41
309,4204
320,3723
242,778
859,1649
681,2470
875,1833
988,174
63,3979
106,3738
305,4130
373,3816
78,78
515,853
771,358
824,897
49,3956
664,3432
576,2427
906,4427
248,1914
948,1256
12,289
144,1820
383,176
577,778
97,2626
904,2222
201,1475
17,2120
38,1349
521,786
450,487
802,3600
652,643
787,1061
13,2899
948,4633
879,133
113,2423
591,4094
943,4465
822,1271
229,1371
293,4389
703,1416
444,2770
662,2934
943,4637
121,2904
249,1746
308,50
284,197
877,440
946,337
313,4193
32,1640
935,2439
713,1695
157,1521
734,1079
899,4927
246,2480
827,851
852,789
566,2799
476,2394
467,1413
159,3605
564,1417
976,3853
693,336
318,416
836,4748
577,3028
472,4548
181,207
436,1082
228,1943
318,1041
748,2541
359,941
371,1718
216,3684
132,1986
182,4545
497,2067
603,3666
494,84
512,1154
475,3254
884,32
428,366
497,3315
471,347
271,658
32,59
217,1210
258,1550
189,4655
358,4714
721,783
509,1301
410,2729
220,894
392,2094
539,2664
764,1251
887,2735
695,1597
646,212
858,2274
659,1977
320,921
103,2807
496,2197
531,1034
749,276
505,4326
705,2773
529,3061
837,3319
698,150
852,2312
811,2520
362,2759
934,4625
890,1107
449,696
707,4493
740,4324
417,3257
831,1073
863,2264
948,4102
919,4730
368,2422
957,3365
132,930
742,350
149,4262
899,3828
767,623
947,1767
169,2266
448,97
804,4257
745,3907
446,2347
841,1550
333,1494
339,1375
287,3365
182,164
159,4510
447,4775
230,2219
678,4765
769,2896
944,1671
928,2019
818,1763
224,1538
319,1123
291,3216
550,4998
450,3222
131,2309
807,3415
310,1582
237,1092
853,2362
219,3599
39,4952
331,582
898,3513
186,2532
220,1191
234,665
393,3726
504,373
406,3308
300,2219
551,2881
52,1612
292,2028
313,2226
731,4326
287,1489
230,4042
14,2908
589,3045
251,2142
157,2695
262,1038
20,172
439,2747
64,78
442,2586
970,1875
946,4851
28,3011
520,4497
692,4991
684,1993
220,3637
724,3729
607,4581
50,2798
86,632
127,844
986,247
659,3134
541,4577
491,4207
455,1396
501,4378
279,3
240,1039
390,4625
220,3389
504,295
678,1969
204,862
261,3106
778,1132
42,3620
594,3340
34,2664
133,272
81,1600
206,403
934,792
593,465
608,1388
957,1574
67,2538
365,1285
380,2490
242,3839
266,3042
755,2263
772,1709
631,2334
803,3278
143,3907
562,1733
644,2558
662,480
758,4882
416,3966
687,4751
356,2193
498,1758
323,1505
733,3497
282,1516
550,2774
98,1349
227,1781
374,2539
401,4452
244,966
895,4452
503,618
984,4980
519,1835
743,1320
634,4705
875,4750
732,4740
361,4791
10,4439
156,4184
712,899
951,2352
625,4223
410,2020
821,1158
252,4593
194,3362
16,3595
586,3184
329,439
161,1602
949,1010
416,1983
919,3201
151,913
958,4262
469,3145
199,573
707,806
155,4754
658,3006
370,3412
972,4790
485,4870
715,1398
403,1694
763,824
513,3097
495,1746
987,1867
591,322
128,1433
328,1416
84,358
462,3798
379,878
378,215
845,1731
300,4034
704,2359
626,3692
127,4802
24,1556
155,4485
547,1322
447,3637
894,3659
615,2719
933,4458
345,3016
582,506
695,848
762,3244
688,4612
129,2938
435,4728
803,4409
558,2482
411,1559
603,3094
469,3853
339,3390
465,2363
129,2848
383,806
754,136
464,3154
617,1333
505,1118
136,183
156,4062
320,1137
547,4456
16,4778
842,4154
228,2270
932,1541
705,1676
322,3650
644,1867
353,989
998,428
699,3661
877,4757
82,171
493,2013
256,2596
80,2661
58,4285
901,3066
843,3745
605,1892
607,1514
926,4368
574,3547
377,86
35,1278
669,4330
267,3461
429,1770
664,4265
754,4925
436,4923
684,1159
823,4148
872,2713
367,4842
345,4581
305,3573
724,3700
54,4971
858,3886
423,4550
960,3759
103,8
828,558
252,1306
583,3287
853,4073
152,1637
43,1838
828,709
950,1466
88,283
951,4516
547,4136
19,4907
528,1674
364,3643
369,4764
155,3559
447,2288
888,2008
552,1454
800,2363
771,4857
848,1660
404,2839
310,1020
83,119
586,2130
417,4355
652,3338
173,2192
264,744
995,4780
999,2531
540,662
569,2639
267,1281
144,3041
480,9
948,4836
123,3740
788,4800
301,353
596,4933
650,3967
521,1347
434,1416
949,2131
428,2989
427,1666
926,1764
674,869
532,1323
157,539
982,2511
271,3356
468,2868
558,3603
302,749
208,3283
406,3885
873,2234
882,2007
844,2520
277,2052
557,4997
844,624
4,3567
893,4692
394,1170
262,3202
826,939
540,2013
55,1765
188,3251
844,1390
141,1132
396,3125
42,896
320,818
981,4242
96,3606
633,910
902,855
862,193
819,2274
201,398
561,991
33,4776
793,4149
998,4699
492,3208
797,3870
486,1466
15,2151
474,1633
900,4317
413,3536
581,2192
571,4750
485,2781
669,804
362,1474
834,3547
851,1130
451,3881
460,4027
981,2992
507,2065
283,2621
500,272
975,1420
758,1844
341,876
908,4690
727,1146
676,3025
903,530
708,3490
158,1547
144,73
752,4020
454,4303
717,4379
656,294
607,510
728,2213
67,2369
679,4105
132,4150
314,617
875,834
770,3328
473,4442
756,357
267,1581
154,1161
435,3584
601,4686
16,132
441,4119
331,3318
173,2235
285,1004
392,2374
635,3738
663,369
633,3728
330,2622
409,3745
128,1226
354,1756
49,3211
901,3585
752,877
929,3631
607,907
182,4963
322,4482
201,4950
287,1819
430,1290
967,3239
500,1186
655,3312
2,3414
692,3994
618,1503
695,654
768,4253
663,2007
776,735
466,4779
90,2730
347,2663
381,919
425,3859
609,702
327,2510
328,3541
728,4621
378,2008
561,4007
21,3686
359,33
717,2624
467,264
729,2695
761,3288
10,3074
123,3467
696,1038
146,3119
648,4426
189,3511
330,65
596,345
333,1795
31,2889
650,145
140,4838
134,115
414,4134
94,114
824,2998
276,1717
845,1693
684,3198
391,2656
11,3045
123,581
133,1305
922,4143
659,1721
538,696
202,79
559,4644
429,4984
436,3903
914,895
286,2644
130,3807
986,3837
341,1326
258,1631
723,611
925,192
648,2116
990,4984
380,4850
732,4007
748,289
494,1181
195,4475
929,4185
402,698
499,3939
436,4308
8,4670
821,3259
650,2843
797,2250
482,3304
269,2610
895,2135
591,578
33,3538
333,1313
860,884
379,3731
223,4362
392,4757
475,1224
621,182
468,4803
165,3990
318,3757
538,3548
991,4427
546,1666
365,286
924,872
181,2178
44,1257
898,1720
680,1656
906,3503
322,3213
727,4765
733,1711
22,2241
998,3068
125,4997
897,2477
246,1741
663,4648
358,349
421,3379
809,4145
59,2326
48,4403
899,639
445,3705
277,4816
761,4562
90,703
118,3289
468,3306
244,4447
828,4051
440,3991
736,2116
80,2747
907,2859
153,1423
120,936
802,3612
187,1356
104,3175
981,2218
127,187
729,3745
147,1996
250,131
111,2141
719,2354
333,845
806,297
474,1709
274,1534
55,802
707,2848
316,4893
807,245
137,1946
665,838
281,4732
858,4648
566,303
358,4652
721,1858
724,4996
79,4707
863,2894
530,1678
968,2266
887,2437
83,2131
982,225
673,1249
786,3388
419,3572
836,698
376,260
396,3816
636,3881
219,864
319,2765
74,3195
861,661
386,3638
222,1908
838,3057
849,3135
721,1382
627,3824
978,4170
130,3116
641,2461
970,485
806,2432
398,2136
6,267
540,2280
123,4100
559,1033
384,4995
15,60
162,2783
765,2285
846,1053
452,1659
743,2891
427,4259
457,3989
810,2461
797,2218
360,3323
906,2609
816,406
664,710
64,4268
902,1389
692,3939
722,15
414,832
896,1786
201,3368
628,1900
106,3022
598,3467
367,1223
142,3385
746,681
581,354
894,3837
294,925
338,3012
556,1483
883,1976
295,3037
134,569
276,691
132,4470
921,214
690,4088
913,2715
466,3297
5,4460
583,2966
39,1642
887,3874
205,2666
329,1665
592,1124
470,3973
474,4080
849,946
502,2781
682,3399
104,1074
395,2346
103,3296
171,1850
930,4731
846,2509
946,1345
985,3105
498,1575
889,4464
623,1450
721,897
602,3269
175,2882
903,2058
503,662
715,1790
403,1755
309,1248
499,3026
937,3146
767,767
491,2706
910,4796
775,4434
407,4521
562,4284
598,3230
469,1428
584,529
684,4352
299,2457
375,4790
391,629
128,397
124,2549
265,4846
57,2523
69,3612
790,3977
66,1377
513,2995
930,387
819,3657
845,4792
191,3819
927,4531
647,1359
767,388
219,196
355,4220
203,1898
311,4014
496,159
853,4233
408,4946
91,3312
524,2407
594,2396
386,4225
361,3804
260,4290
884,2927
882,2166
923,2385
154,70
585,1713
356,131
517,2024
823,3654
433,3194
80,2322
753,680
697,1476
883,1866
467,2342
647,421
492,3320
984,1264
832,3776
258,341
376,3771
748,407
603,155
575,2111
631,1144
16,3541
195,4348
80,898
393,2864
547,1518
779,2755
572,2416
151,1908
646,1513
145,3463
548,3026
671,3791
592,4754
345,4405
21,1018
50,2716
66,4270
952,1115
1000,4404
718,746
521,986
801,4649
75,2490
200,2464
186,1735
948,4595
880,1828
346,3927
386,1087
357,430
551,1648
48,2470
155,3176
172,3797
862,3591
749,3931
543,4052
216,2333
66,491
852,4562
539,3333
852,1208
320,3866
314,621
257,1352
800,1929
304,61
98,1533
332,3478
365,434
924,860
535,354
454,524
706,2388
886,3013
359,2692
450,389
78,3256
196,3722
373,4076
924,2456
461,374
808,2329
310,4440
867,2616
779,3375
366,4205
620,3103
985,4512
5,1030
987,4096
579,3139
476,1932
370,2187
405,1891
387,2780
199,3753
813,1410
751,4535
85,558
790,4145
475,1778
389,2600
72,4878
323,4042
421,2237
48,3367
538,1697
433,4864
779,4808
861,4909
887,4099
354,1724
386,1306
89,3737
276,42
892,833
74,257
337,649
688,3159
843,4600
637,37
468,255
264,4393
26,3527
256,3680
436,4382
604,3735
459,1610
602,568
174,2577
618,4073
494,247
168,342
823,70
336,4410
802,1549
731,97
976,3189
94,2630
538,3427
979,1275
173,696
230,1695
39,3846
386,3777
449,3771
999,369
863,2607
578,3794
872,2807
448,855
406,4604
65,1104
219,2540
555,3645
450,2577
558,998
652,673
551,2527
128,2677
944,2623
287,4111
634,4307
554,4455
53,3627
462,2295
936,1603
258,2327
557,3261
81,495
403,2921
223,2880
457,1517
805,1989
509,2959
896,927
67,2371
143,1779
689,1481
813,2232
728,1308
485,3221
264,1824
898,2849
374,495
622,229
374,945
580,3784
445,4368
343,504
100,2406
758,4886
297,3840
93,1063
569,1742
349,2995
262,136
656,2737
517,3616
550,293
575,2174
658,3590
431,3823
546,4999
864,3997
946,4184
168,3149
315,3366
837,4096
675,865
141,1735
822,4517
249,3850
615,1269
733,1876
212,4202
158,4678
784,1013
151,1567
785,4081
515,1529
398,2271
825,3524
695,4238
604,2975
149,2599
284,2244
421,699
655,853
904,3566
350,2494
998,811
418,4475
690,2911
282,3770
958,3837
258,1718
939,4827
87,304
583,3646
849,91
719,732
343,4065
490,2177
494,3768
355,2450
855,3057
29,2754
957,459
328,552
373,856
383,2929
722,3277
774,3992
8,114
475,3992
669,3367
17,4434
113,2519
88,54
780,720
544,2690
493,36
291,781
42,151
691,2483
239,2049
851,4887
74,38
726,926
576,4392
283,1553
323,2819
492,401
186,3271
525,526
71,4886
956,2148
382,2543
236,769
473,2325
621,1540
183,182
562,785
336,4446
185,2100
12,2776
318,4447
927,4786
23,1974
424,3829
30,2680
40,4867
465,4599
178,4934
373,3430
764,2330
383,4524
63,2652
651,3193
181,3643
897,1535
100,2032
418,8
400,4406
218,2906
746,4105
567,4294
752,236
86,1206
793,2430
651,3674
432,4165
473,1971
192,719
718,3073
144,2394
452,3417
940,2127
198,4665
688,3894
488,2126
125,3296
70,63
14,175
313,3908
76,3099
419,2675
920,2858
408,843
942,2892
789,1548
300,2824
480,641
722,1685
360,2636
146,1668
902,120
843,1748
54,2639
324,2354
898,2471
468,1941
261,2922
186,1337
268,4037
626,4297
323,415
287,2806
884,517
19,2438
427,3812
342,3764
668,4670
153,3015
250,3695
858,3281
925,4694
447,3885
906,1969
769,320
235,3646
427,2510
228,2595
56,2141
580,2824
78,1856
317,1319
443,659
130,4727
498,4448
352,1138
259,4367
344,3009
557,3794
481,4899
992,2776
269,3129
452,522
687,3841
702,34
806,1194
122,3838
262,1203
157,464
864,4843
683,4305
982,4213
263,4252
642,3399
768,3045
863,4489
509,1823
252,2311
484,3232
945,4846
952,676
837,2272
558,1511
8,1273
848,1364
31,3646
751,3504
152,2483
264,2366
888,4934
382,1156
398,4704
919,3793
414,690
550,2612
839,571
872,2319
123,3394
738,773
448,4914
294,162
660,1797
449,4233
955,4276
447,525
421,3463
933,2604
959,2534
937,3343
292,4572
750,4362
358,536
535,2619
878,4014
750,4458
401,416
589,4196
394,4062
763,2228
439,1729
521,4915
248,2952
528,1791
249,4687
836,1714
463,4385
509,2309
748,1407
111,3703
723,2870
394,281
514,295
94,2734
750,3255
158,620
526,1007
341,1802
23,3056
360,4025
68,289
817,2092
686,2433
27,4012
923,377
521,2406
764,2544
943,1552
725,1813
1,4759
434,172
461,4045
24,3239
769,4215
733,4341
761,4025
70,1980
790,4599
579,1349
556,3933
22,4003
353,3126
837,923
730,2470
984,1397
135,2004
495,228
869,972
990,2686
168,179
766,3230
218,2183
585,3713
321,4530
975,4417
520,4666
3,4300
954,1985
415,4967
910,390
484,4127
170,671
763,3982
434,526
276,3681
183,4479
939,1618
218,2011
115,3452
641,3787
438,1015
917,1572
275,3759
951,699
936,4318
198,3462
967,803
479,2000
273,2577
341,2640
73,857
711,95
182,4892
830,4748
771,1792
488,680
188,2257
619,1810
990,1131
32,3775
963,1280
570,828
995,2357
223,2543
966,4425
695,1106
250,1220
24,1488
894,461
186,1266
160,3159
41,2545
288,356
394,2847
210,927
835,3502
397,880
197,331
121,667
703,3444
117,682
412,1682
216,1634
344,3029
702,2588
38,391
593,138
969,4831
406,2498
978,37
117,778
733,618
565,1591
778,1275
164,2310
874,3512
412,2649
947,959
371,4714
396,2060
583,271
551,4583
14,859
430,4446
60,2138
151,1467
505,3411
479,1533
344,2354
183,833
902,4823
585,3980
552,2050
105,626
703,428
655,1334
962,910
213,3472
231,2037
279,2312
495,319
408,4731
706,796
829,4045
621,931
979,1835
4,3905
134,941
957,220
183,2544
760,4528
506,490
41,3336
217,491
505,3232
412,2301
819,2014
596,3026
208,359
467,437
227,424
755,2048
678,2787
82,2900
24,3670
981,3237
145,3288
368,1304
820,1313
351,2134
579,1596
980,1864
888,1490
942,926
766,2538
562,117
364,175
239,472
710,554
956,1581
759,123
809,1842
369,3290
989,4775
560,2391
390,3668
619,3811
668,2903
303,510
883,3317
741,9
688,663
3,219
320,2900
350,596
341,705
838,1473
180,2639
738,1688
602,802
415,41
942,3568
178,1944
907,491
297,778
465,1077
76,2012
327,965
499,3079
700,4434
473,4792
30,3202
866,3936
982,3765
445,2415
834,4622
702,3032
862,4313
164,489
375,2599
310,4243
610,2808
883,169
952,1038
433,2718
816,4638
535,1524
102,2797
258,4636
556,2887
639,2074
149,3105
641,1070
441,187
314,572
413,1631
514,109
422,449
766,1876
349,4276
3,356
969,1398
176,4036
18,1025
435,195
949,2191
674,3436
681,4694
681,550
229,477
411,715
568,4866
364,3815
904,4094
110,3395
581,2194
18,4281
112,3391
309,4845
724,2033
303,4726
23,870
666,3038
709,4786
422,2535
791,402
205,557
329,2024
590,3893
450,3112
103,2942
346,1326
946,831
968,1560
15,3097
253,2684
118,135
484,2928
885,3894
591,395
954,1655
838,2572
369,1359
977,1776
891,3491
196,4040
307,4476
225,3069
124,456
887,1929
198,1136
693,2423
169,3948
944,4490
824,2025
443,4895
56,1443
701,1791
417,362
843,58
856,2172
85,2928
738,4411
477,4219
448,1513
568,1655
565,889
645,391
260,167
733,331
819,317
832,104
802,1730
571,1366
346,4601
755,751
380,4931
945,2900
389,2364
960,2090
719,12
149,2377
716,3025
569,1286
408,198
917,1383
458,2744
755,4183
611,2189
36,2873
543,4671
383,4878
665,2508
805,624
746,655
80,4791
713,1632
639,2609
309,4461
15,468
804,2644
552,2675
836,4424
54,2093
57,3954
919,433
564,4008
812,865
142,4522
858,2755
230,4979
351,571
903,3140
41,2060
766,3106
542,1599
702,1322
750,256
630,4907
776,4583
791,3013
811,423
244,884
953,2435
633,1543
538,4771
928,3902
73,2009
894,2665
390,566
840,4273
704,757
329,2502
942,4334
159,4494
107,2077
37,957
581,1477
532,930
149,2122
383,2972
861,2834
994,673
104,4441
415,1495
380,252
344,3757
156,4815
334,3615
972,3095
441,1682
83,1489
277,1138
408,21
946,4501
646,3758
735,841
620,1258
790,2080
169,404
415,2444
637,514
462,2865
609,4612
955,397
895,605
637,386
46,3470
781,975
526,2261
54,3413
707,2596
308,2824
516,866
901,1869
807,1568
323,4740
507,1767
307,1641
967,2045
680,2098
751,886
41,4034
911,414
851,2914
598,4540
732,869
227,3336
358,3933
726,1409
769,3761
552,4182
146,2608
354,429
373,3571
279,965
962,2120
786,3613
320,898
372,4068
17,3521
4,4414
763,405
137,2611
793,1580
652,4898
272,2266
543,4979
753,4657
701,3759
663,472
23,1739
158,1734
146,2004
385,4522
347,2298
835,2466
862,27
720,721
305,912
704,389
346,3062
294,2736
379,148
525,3580
874,454
811,3816
963,2633
416,3159
364,2217
662,2176
722,2711
546,1265
245,1531
115,3543
6,3686
348,4167
260,1384
55,3355
502,3818
956,877
4,680
119,830
996,3623
477,4464
10,1448
812,1294
827,2693
988,3680
581,476
491,2755
213,3517
840,2225
178,442
463,4805
216,1902
402,660
584,1127
945,3698
170,406
165,2052
921,446
486,2557
940,582
794,3967
240,2996
589,3951
485,1187
222,4116
273,1068
913,3538
747,3354
652,114
819,538
144,714
692,1501
602,2516
7,4481
953,2696
481,2230
244,4312
688,3521
415,2781
792,1243
469,3770
499,1189
246,3857
291,3066
877,1683
825,1446
523,1595
797,3883
789,2235
260,4265
63,994
868,1015
767,2327
661,1295
59,677
376,528
32,3908
386,1688
602,4914
539,1656
814,137
898,4233
218,995
225,628
666,1560
906,1896
365,2236
779,2144
739,2561
541,2781
887,3023
864,1853
515,2603
762,3810
414,4718
923,1921
915,2057
502,1921
156,4213
681,2480
63,399
710,2295
305,906
400,1460
161,4179
414,2205
561,1384
378,2007
579,3854
692,517
46,1866
498,4930
821,1795
792,333
424,2112
753,1260
986,4245
650,1866
570,481
92,1558
79,131
151,4887
488,3222
875,2249
733,140
609,3560
482,1995
6,3150
877,2248
5,2830
648,1485
17,4975
769,3309
581,2281
253,1813
641,4754
617,3210
533,4566
172,4585
371,4190
656,4997
280,3747
630,3448
808,474
237,982
777,993
127,2696
362,1951
498,1322
445,2523
286,1231
749,2162
881,1249
209,3069
175,2705
187,333
270,199
688,229
906,4139
149,2176
979,1914
43,62
490,2597
881,4523
426,4551
982,2312
237,47
479,371
480,3626
150,2021
95,2563
848,400
616,579
798,4522
170,1032
427,4900
328,2498
375,3639
110,1050
27,3510
219,2323
759,4798
360,3647
16,3824
698,4073
207,2688
976,3630
769,1362
997,1818
709,4639
915,4412
224,3597
227,3004
745,529
752,1121
392,4924
395,4120
665,2773
556,3556
439,607
537,347
655,2926
477,1606
110,2188
438,4727
27,2069
739,2632
769,4935
299,1136
713,4754
189,3396
582,237
217,456
180,4647
390,4844
720,2253
719,803
592,25
746,620
584,1824
950,4819
494,1706
203,2794
13,1125
143,1512
112,262
512,60
382,2619
32,2403
96,3640
301,881
124,2524
600,1267
495,970
720,893
917,767
652,3509
88,1949
657,4158
545,2171
725,4329
660,4625
223,3687
470,3022
304,2460
383,4961
296,2660
460,844
593,350
573,3864
936,598
653,602
60,873
171,3600
711,3434
799,1470
473,2506
891,496
469,4738
826,4893
155,2696
17,4867
887,1795
632,122
342,1142
901,3000
963,2108
641,3607
74,2914
769,2762
92,670
624,962
851,1949
707,1987
936,1670
258,1081
532,3224
270,43
976,882
881,1435
682,572
896,1822
361,4798
930,4750
294,4511
760,3601
598,988
890,525
324,2539
600,2705
897,3192
301,3257
730,2695
833,3676
243,2906
510,1281
741,1343
715,4446
141,1383
63,291
404,4886
588,4055
215,134
530,3322
715,485
946,3805
347,3094
207,3044
785,1178
952,4956
165,3436
254,865
588,2494
595,447
309,1852
449,2246
397,1868
123,2148
326,3463
430,696
31,2703
490,4769
489,3394
131,1315
547,4608
770,436
121,1572
386,610
326,2069
286,1583
922,1221
722,1282
411,3680
763,4559
574,3199
507,555
645,451
377,4732
780,2783
374,2500
748,3366
562,395
476,3128
377,3621
606,693
110,612
41,2259
686,4690
906,2813
628,768
897,1602
180,2020
391,1029
397,3850
220,715
387,1316
107,3876
873,3845
344,3435
456,4551
446,1252
442,2917
935,2515
620,3513
168,1555
301,3324
64,1280
619,1766
204,475
97,3969
312,1987
33,3755
912,4884
663,2189
964,3513
366,372
3,4392
643,3679
643,30
531,3792
256,119
898,2240
51,1593
264,506
668,4236
667,903
921,3575
985,2538
49,3339
196,3723
351,2551
964,1881
544,3860
687,45
683,711
700,4087
629,3272
984,1624
215,3497
638,2823
932,4482
64,2458
340,4636
428,4508
824,1598
186,2356
879,4291
669,1366
183,2395
939,3438
819,3185
382,4685
62,2446
117,1228
25,1953
539,2973
958,1178
401,290
913,4606
347,1697
884,3987
129,1008
132,541
574,2704
524,2084
388,1969
858,3778
480,1417
53,964
510,408
583,4183
48,1163
362,1612
917,4927
227,3024
765,2401
940,2052
884,653
715,4839
809,4835
37,2104
847,847
601,164
380,1030
54,139
890,3068
453,1201
599,1671
840,464
362,133
688,3028
151,4522
342,4166
955,3485
33,3828
245,2766
686,4549
698,346
735,3267
578,4356
463,4708
324,354
253,1141
358,2585
868,1297
139,3991
765,4205
67,2831
578,948
173,495
168,4278
25,2236
590,1836
378,1549
953,4693
933,1393
409,2964
952,4364
344,4903
506,639
650,3436
86,2911
810,1119
629,4336
10,1516
914,4169
325,1954
624,4886
687,1934
706,1231
743,741
322,166
987,1641
586,372
136,2546
957,3566
599,3036
780,2714
891,3005
199,4661
934,3669
816,4626
465,353
869,4231
809,720
589,4280
564,1353
471,3592
582,1354
306,1597
228,652
992,3169
568,2728
467,4686
956,2611
236,2171
972,1634
838,4522
615,1678
708,1032
843,1623
228,1683
265,2407
623,817
188,1010
24,3463
948,3659
349,4768
320,2649
359,3392
130,379
918,4966
97,3515
336,2128
586,193
622,2458
5,1016
959,2533
449,1583
477,1784
174,4978
567,3517
56,1531
491,395
926,2628
968,808
549,2985
425,2194
791,4644
716,1503
489,4019
970,4377
968,710
469,4118
276,2248
543,164
74,3848
15,2680
529,1388
734,4876
704,2440
646,2776
367,2379
734,4159
318,539
509,2953
7,1333
229,1390
774,1321
656,1216
269,2136
905,2384
48,1059
645,3964
441,3995
950,2988
679,3472
425,2955
177,2551
259,1531
392,1282
802,3383
124,2097
901,2251
130,4254
802,4247
357,774
824,3930
385,4970
381,539
651,3258
122,4886
334,568
858,159
248,3922
227,2455
309,3852
889,2740
235,2487
8,4283
417,2244
470,4923
793,1743
257,2240
32,3797
221,49
446,2634
406,3482
419,4048
731,758
75,380
309,1805
109,1381
494,3965
629,4288
306,4
666,2100
172,530
710,4818
594,393
557,1561
835,1977
862,852
240,3708
317,3912
971,4593
391,4255
468,636
919,3964
277,1745
714,1946
510,2218
605,3503
198,1998
24,4951
35,3251
175,1172
875,1930
413,3821
975,1889
415,4289
683,3408
417,3913
793,1323
307,2182
884,3717
844,2292
514,2157
233,4813
191,3349
205,3308
536,1180
831,4834
663,2817
193,4608
974,134
265,1078
244,4576
971,460
227,1939
630,4920
85,4481
588,3473
670,1058
565,1529
798,1872
382,1745
917,943
957,874
635,718
135,3964
488,3628
230,2658
197,4469
755,4095
612,3975
466,1315
107,1363
152,4601
441,4954
36,1010
331,2884
238,4417
732,4737
568,541
961,3102
172,3056
91,2878
403,2642
485,596
37,1969
253,2899
409,1552
834,1241
666,2417
259,957
461,252
282,4958
149,1684
3,2770
797,3113
145,4941
249,4398
696,82
862,4308
478,877
392,3530
44,4963
718,1619
90,2209
753,1862
208,680
718,2709
348,2315
985,508
194,4666
37,4189
512,1261
446,1578
254,358
699,3885
852,2076
309,54
475,3415
452,3651
928,4506
101,4054
855,1294
443,981
522,667
147,3616
780,388
69,4004
86,710
759,3011
822,140
695,4753
989,4676
634,3897
150,3881
640,3622
800,2089
821,3637
624,3831
908,4391
761,1826
502,2025
82,719
322,4034
700,204
389,2049
789,4301
290,4509
962,366
111,506
416,1419
640,2880
208,1106
431,3460
785,850
1000,3823
348,3277
700,849
129,4337
821,130
350,1593
393,4519
957,2120
276,761
254,4866
985,4388
192,4284
579,2644
764,109
167,3334
998,2215
610,4873
986,4194
887,983
951,4609
424,4969
444,3400
108,4409
887,2865
5,4163
492,2040
700,1834
123,3176
872,2127
739,205
949,2474
723,553
613,3985
543,1379
539,1872
749,3491
120,3340
922,3983
303,2476
153,1141
439,3870
421,1189
470,77
26,1977
808,3685
834,580
631,943
721,1087
856,4762
872,23
741,913
73,4550
52,737
198,2076
906,2864
406,3570
798,2213
380,3019
706,3863
84,463
226,1079
422,4095
763,2715
8,2734
946,1767
678,1358
36,2108
434,25
32,524
13,4214
770,1945
325,4047
439,1387
798,4039
7,3188
522,2396
352,1848
641,2786
351,4614
192,2339
652,2574
726,4265
20,2284
672,2081
514,2430
222,1401
76,381
89,3733
156,3392
468,429
527,3349
876,584
796,203
461,2973
95,1246
310,1986
502,2175
336,2131
563,2515
767,1834
703,4235
394,2624
875,3679
722,1096
985,707
155,2048
936,3146
594,2839
213,674
740,2690
802,1303
565,3223
217,4897
271,2954
983,4502
292,1921
748,4463
303,2526
423,1768
328,2032
259,3687
187,4656
239,2174
121,3596
356,4007
275,4768
426,4917
240,1057
565,2490
156,2462
744,1886
453,4593
648,35
657,2980
668,1725
606,1038
346,4551
747,1317
867,4603
657,1718
610,3657
329,4363
23,4892
328,3632
635,1686
703,1474
607,1022
250,208
529,1811
758,651
271,3342
247,2787
440,2989
286,4829
746,2914
51,65
172,2028
191,1063
526,3325
382,4367
455,4383
687,3230
234,3233
917,1711
852,4410
636,218
510,1444
653,4017
418,3654
830,204
615,2813
361,2881
992,44
510,2773
228,3055
971,4285
813,3864
568,4177
223,597
572,6
415,911
725,4762
184,687
799,2342
761,2932
868,2221
603,4953
377,3406
585,258
519,4190
779,2450
887,750
449,4120
266,3421
112,2199
865,4398
993,2319
733,3626
444,3975
416,1575
568,4215
216,998
898,4787
415,1880
515,4966
795,1410
634,4173
362,4568
128,887
162,4914
493,3837
734,176
325,3388
228,2960
577,459
875,2004
357,2709
763,1822
455,2129
357,4979
49,1179
918,4261
508,295
875,2409
514,358
941,3898
640,763
74,3622
547,2361
271,2888
713,1616
315,1550
512,2452
8,1060
947,657
20,639
365,1028
160,2164
659,252
430,2999
519,3991
151,4361
608,3257
392,4914
716,1172
796,1218
955,3825
865,2597
296,606
543,688
670,1951
226,4417
869,3727
218,2195
929,1161
320,3267
948,4772
578,860
445,3290
295,901
935,4019
487,2049
343,1806
851,3064
391,1322
930,4866
877,4017
461,4126
497,3042
662,2696
883,4853
552,188
454,1654
528,3126
725,2589
526,3142
539,1233
507,4461
788,2813
398,1565
194,1187
130,4959
743,3608
543,103
357,3791
477,4487
323,3772
255,3921
353,193
906,1674
679,171
578,2199
904,222
64,993
137,2758
814,4073
292,1805
684,3318
646,2129
433,4070
754,3307
317,327
717,3017
724,531
161,919
406,1368
605,927
457,1933
62,3615
27,3282
414,4564
107,512
489,397
411,4118
227,3089
704,326
976,879
299,4705
491,3170
182,1838
563,1981
508,4993
840,2484
170,1631
867,1168
857,4381
227,143
661,1494
400,3288
505,44
95,1280
423,2380
189,3727
625,437
192,1221
195,2306
284,4026
892,4505
180,66
46,278
823,1189
456,3571
287,1688
93,2004
592,2622
481,2863
984,1904
586,1738
326,2355
887,169
667,1804
625,4537
308,544
566,1125
452,4683
44,2628
832,938
879,4113
565,2024
30,1097
462,3781
32,4295
59,120
118,138
771,2152
293,4584
109,504
480,4222
715,4260
739,4939
165,2602
477,2694
550,2887
584,3038
421,334
462,1976
74,1059
913,4663
36,4891
917,976
700,1135
83,637
329,3956
509,2666
184,4968
272,522
581,3707
680,3757
622,122
82,2653
790,2716
932,1088
232,2679
887,2541
462,1362
181,1401
590,4107
889,942
153,4942
721,815
751,2
616,451
812,2114
588,1872
555,4607
729,1049
523,3109
549,2059
355,170
611,1611
977,2627
287,4095
438,4650
623,4835
884,918
997,2360
163,1992
42,2627
959,75
514,1540
396,1219
978,2442
1,2408
550,4755
264,4327
693,4750
725,2970
752,3977
542,624
840,2988
374,3157
125,3035
326,3107
756,1196
788,588
620,1323
183,4609
649,4620
961,370
182,312
394,2038
145,2414
848,2209
575,3369
760,4667
49,98
67,4443
644,201
689,2675
572,2375
984,4321
375,4910
409,82
51,1200
817,3451
703,731
623,1930
618,575
59,170
911,3699
625,1690
803,827
883,2762
516,53
409,65
930,1892
821,2721
934,4102
552,4829
25,4628
886,162
330,4067
745,2663
449,3774
326,3406
101,61
335,1209
605,1875
93,1093
906,1250
510,3152
168,1584
780,2059
790,4028
743,4461
755,2000
267,3357
748,1208
419,1992
594,2699
201,1329
795,2508
411,3527
981,4321
619,1170
893,4100
981,2184
388,983
768,633
643,279
495,4640
182,2527
936,4272
652,3142
851,3275
930,1419
19,2323
351,3559
779,4493
761,3965
574,3046
338,2253
141,3361
765,3041
749,1381
151,609
639,1823
358,513
404,125
557,1512
7,341
27,4069
368,3981
422,1967
337,4441
48,1052
107,1286
182,4031
795,1464
523,836
23,798
169,1970
743,2087
388,1309
211,3072
917,937
878,894
774,2330
942,1258
836,4832
414,2357
519,2864
821,1241
1,2305
589,4533
819,3131
439,3825
831,2706
149,4615
149,2632
128,1460
381,454
289,4210
842,438
587,4567
904,1128
339,2447
267,2869
77,3535
601,4384
127,4225
494,3388
449,3451
504,2831
401,750
627,2833
161,889
880,756
688,897
63,17
397,456
873,4575
462,2578
365,1386
471,3928
154,2207
894,4352
952,3239
966,1281
919,939
60,2869
609,1783
684,1736
653,3628
3,1420
567,3775
601,3643
590,134
363,3323
682,3930
574,1088
506,1083
81,1947
198,3302
953,1365
18,4803
592,3492
129,234
443,764
499,1419
430,4687
271,1724
298,780
771,4136
544,986
111,523
112,195
485,4945
466,2461
818,1970
879,2941
996,168
258,890
258,741
144,219
998,3004
476,416
576,1482
5,4072
145,3335
790,2146
797,4032
4,2856
302,982
322,622
255,3549
400,3434
654,1577
28,4560
474,1402
968,3446
973,2114
30,1043
746,3353
395,1657
509,4977
356,1145
419,1535
555,1375
550,4002
758,30
449,1188
687,2874
22,1358
511,4174
66,3556
139,90
355,2820
468,1159
932,2863
47,4107
684,4953
818,589
370,487
211,142
871,987
79,3317
346,3582
57,3382
77,3074
14,2440
204,1990
710,1553
181,480
154,2065
717,1267
980,3901
605,3167
745,3746
449,4705
183,48
198,4904
46,4998
412,2780
641,1476
552,2082
456,4072
732,2093
633,2961
530,841
629,4810
868,2815
360,562
598,4302
228,477
535,1170
264,3302
334,3336
96,420
277,3667
704,4789
300,4652
468,2342
802,145
159,30
441,762
970,822
556,275
740,2133
558,1590
14,4556
853,2380
160,3499
990,4388
126,1223
457,2308
452,2551
605,2678
320,3572
281,3957
104,4074
834,3104
163,4325
742,1968
818,4397
995,906
396,2861
558,1668
384,4506
645,3562
388,4233
822,3179
692,2294
668,1638
186,138
82,4516
651,83
484,2755
973,336
879,4783
955,4105
27,3477
535,3137
382,233
437,3959
790,3900
612,1584
531,2747
99,999
552,4541
27,349
794,4816
40,1002
180,4485
771,4883
363,3194
526,3986
570,1996
596,3774
250,4870
771,4977
789,3872
217,1934
520,1804
674,3038
342,1602
755,2588
611,232
75,1694
529,1046
278,481
602,4974
444,4405
880,65
234,1607
190,580
304,4532
664,177
934,2954
138,2442
881,3217
317,25
63,559
874,2887
682,3412
806,2557
376,4430
705,3924
431,3406
628,326
614,1449
514,1993
701,1360
427,1774
32,2392
190,4992
235,782
167,4996
946,2203
721,4656
414,101
97,473
551,860
979,4515
505,4727
312,818
560,4771
569,3734
36,1889
479,1964
314,3635
933,1321
101,1915
850,109
286,1667
927,1171
257,2870
118,2398
899,2777
438,1488
61,3292
369,1108
466,3158
325,2705
889,1972
730,4593
116,1385
36,3456
994,1131
227,89
720,1541
338,557
388,1984
185,163
881,2767
851,1976
94,1550
168,139
331,1700
98,382
514,4784
13,4217
765,617
137,2786
117,3361
998,1783
539,2854
655,2781
602,3105
223,2190
205,1552
940,2533
397,4197
484,4774
380,814
215,819
84,3741
137,3199
203,459
778,2692
256,2804
217,2670
745,2416
329,2275
275,176
962,2038
640,1215
370,3993
302,1050
808,2890
329,1807
163,4309
668,4171
39,2689
503,789
743,309
858,2822
98,962
426,1575
896,2509
629,1283
282,4483
811,663
149,2522
294,4545
449,1488
264,3783
852,3886
786,3856
404,2794
911,3332
102,1702
807,4246
887,3737
759,2823
945,1978
759,1710
396,1609
77,1972
935,4418
716,4859
589,1943
898,3985
833,1051
157,1528
627,86
353,2115
186,2092
184,4593
473,1310
701,21
542,274
711,580
122,4730
772,597
226,2208
803,2439
708,4356
233,4019
929,4304
950,3884
187,491
92,3809
282,3957
443,3817
19,173
900,4433
633,3610
598,3254
656,310
378,4301
394,3478
9,2240
591,3958
446,473
776,2727
699,4996
504,4200
832,4875
477,3823
845,1925
427,3522
877,1567
424,458
624,2273
900,4681
532,924
432,1889
257,277
836,3519
114,3855
451,682
57,2888
244,4875
271,121
45,1223
627,4478
213,1321
718,1244
682,4864
881,2850
83,2545
478,4649
738,4737
820,4140
723,1698
650,262
114,4345
786,2708
997,1945
404,3607
247,984
742,1495
745,768
106,1109
260,925
892,1604
239,225
120,2160
757,4935
602,2494
732,1711
777,3511
486,323
706,4171
152,469
186,2078
844,4717
243,3284
42,1622
966,4315
109,565
587,42
219,2077
733,604
556,1534
243,177
407,468
645,4193
354,2002
285,2572
857,3542
128,3030
156,1411
484,4186
502,1995
169,4566
125,1334
287,4637
457,938
942,1705
838,3551
903,3410
501,2422
372,4047
766,3503
649,2358
339,4217
141,2920
141,3107
407,679
461,891
627,1971
802,1931
831,4757
584,1894
153,4985
922,4760
223,2708
200,3713
753,1608
486,1188
511,2324
102,1496
644,1372
457,4896
534,709
202,3134
878,1078
928,279
808,3420
601,4961
866,1672
398,1998
746,2776
600,1623
716,4915
75,1780
173,1239
328,250
556,3739
696,2495
481,24
141,3771
537,3
122,2030
99,1561
930,883
918,680
209,4542
947,3493
775,2988
341,1213
199,491
230,365
701,221
277,4094
916,4823
27,2822
818,4014
92,1549
851,4547
940,975
56,4897
93,4555
825,2979
816,429
883,3299
777,4191
65,630
20,3893
547,3607
797,1869
349,4444
653,4127
812,3747
127,4204
935,1511
645,1186
348,4209
710,530
571,653
629,661
817,2199
918,2327
593,688
466,4571
6,1559
7,1723
321,4365
981,2525
845,405
92,1920
627,2117
996,1756
598,4082
550,1090
320,3001
437,4202
714,62
851,2235
514,1048
775,4728
655,1622
948,4936
816,1314
938,4459
588,1222
897,3531
983,729
556,4606
543,3939
40,4348
211,3999
938,3263
74,4480
110,2180
905,2710
836,3828
622,4720
644,2183
880,1119
560,498
315,4445
85,2123
930,1193
292,2418
688,4606
769,3416
23,1794
853,1983
258,814
110,186
756,4923
682,986
996,516
110,255
477,1192
502,2324
357,410
984,2015
217,4952
592,32
122,1823
138,3869
407,3827
119,3928
126,786
853,2977
941,4780
900,1832
773,4958
820,2187
579,1517
961,1622
12,2292
644,3735
120,4195
771,2105
844,4754
729,1176
747,4788
638,992
196,4787
810,765
978,90
244,814
334,3877
218,892
987,3637
849,930
219,1525
640,1532
675,9
718,4339
818,3120
790,2617
972,2748
569,970
981,4403
280,4734
73,1124
739,1685
566,1076
929,3778
711,4512
952,868
379,483
554,3104
761,238
856,4825
650,1
804,1689
160,1338
360,3388
811,4448
93,1194
178,765
23,3568
351,726
281,1500
188,4183
112,1437
671,3445
186,3207
165,776
533,2929
777,2923
129,4866
695,3735
108,571
58,1866
240,385
527,3118
847,3615
384,3431
874,347
218,3734
828,206
84,3460
241,612
802,3367
577,18
871,3026
752,4117
775,660
537,3901
966,4774
242,3473
305,1832
776,609
877,1394
974,1437
994,184
685,2785
668,1596
944,4483
496,4082
710,1328
67,2162
192,3232
643,300
613,2340
62,4737
412,2818
161,1051
214,1754
737,675
161,2185
538,4239
341,3388
653,160
947,862
588,2624
98,149
21,3127
283,2101
591,959
785,2796
579,4760
492,640
804,1358
761,2293
819,2637
741,4439
575,1672
249,4395
388,4051
312,1973
505,794
12,1025
920,622
371,1798
231,782
857,4324
48,2121
767,2674
970,3056
434,866
644,3442
830,324
61,3192
937,3766
279,2648
266,1253
693,2159
338,4444
979,2535
563,158
317,3687
563,372
287,4704
867,1203
255,3003
837,3368
885,171
970,3810
107,2876
625,1211
885,3958
828,2464
386,3712
850,4450
782,593
237,3255
1,2398
428,3232
840,2476
685,3901
166,2046
317,4993
609,2115
482,4313
624,4450
485,2218
661,4388
452,1755
764,3375
220,2798
823,4937
493,3407
578,2456
189,1848
316,2401
549,3602
418,4542
552,302
669,3772
313,4091
812,3605
106,888
684,4514
634,581
92,2609
476,3611
742,1822
554,2046
77,2158
71,4702
188,2976
659,316
455,3274
251,734
842,4685
272,1447
996,695
112,2262
46,4303
339,2275
830,996
142,4819
429,2346
865,1163
276,2337
128,4793
589,1547
954,2621
816,4582
908,734
179,2591
318,4234
728,607
663,3029
245,1783
380,4838
278,3175
836,1025
798,1715
100,3746
456,2772
695,876
467,1406
657,964
509,3891
445,1894
20,3260
174,662
658,1233
311,629
419,4313
791,3956
79,199
177,2764
994,2859
432,1470
672,859
901,1365
99,2134
623,4372
116,3203
945,4212
629,4866
990,4181
307,3721
484,1392
406,1228
540,4235
296,2151
33,3674
968,1490
3,602
22,3401
260,225
839,8
731,1566
786,2921
426,3193
291,1867
765,3371
42,1306
9,1497
186,3413
774,3774
640,304
512,141
558,588
251,4316
277,1044
27,3568
622,2797
865,2078
588,2365
824,2801
78,2215
944,3844
998,4156
390,3252
467,842
374,2531
25,501
525,2715
683,3498
62,1657
65,2303
457,3915
703,3482
395,4692
852,4869
485,4768
635,2390
411,3741
57,4079
490,2750
368,76
452,3522
800,64
804,2861
207,2692
439,52
965,262
619,4908
819,2466
273,1303
801,2629
534,3716
142,3485
46,128
702,4185
589,3037
873,1578
192,4045
30,3142
327,677
839,1668
809,1076
665,2390
872,2216
24,616
302,895
398,3930
103,3638
566,2414
545,2092
762,3719
644,1207
815,1536
25,921
739,2815
168,2050
455,4008
542,2874
146,2022
904,272
358,3745
56,851
753,3171
605,113
1,3148
104,1588
496,909
53,3110
523,3420
785,1751
802,3272
585,772
951,1519
504,4440
443,4214
862,821
180,2554
791,2391
554,794
520,822
116,4829
472,84
16,1247
120,1344
251,1804
290,4368
695,1227
404,282
975,657
9,3594
438,1325
390,1126
599,1730
284,4749
101,191
964,4027
759,4168
167,4623
342,2695
493,3945
483,799
540,3532
686,4969
186,1056
827,4064
576,3608
922,2973
367,2540
497,3309
163,228
96,58
1000,852
546,2859
676,2462
514,1840
732,573
100,1595
812,1953
99,1084
923,1168
215,3622
715,3201
125,725
35,587
872,2839
585,2902
662,3535
757,1505
243,4844
270,3599
522,1599
626,3600
775,4192
730,3232
163,1657
486,3656
462,3666
884,744
938,2852
195,1412
732,2889
399,1462
692,1085
619,3725
987,4765
151,1269
617,1933
149,4517
345,769
478,2791
104,1277
148,2428
360,231
40,4812
912,2828
246,3210
455,849
977,3344
291,1314
775,2139
684,554
316,3954
664,524
57,1677
625,327
759,1823
918,2518
121,3181
593,4679
545,1046
675,2548
309,1844
380,4618
360,2555
405,4999
382,4342
206,179
661,557
863,4972
42,1879
257,2436
717,2526
246,1492
482,2485
218,4125
979,3406
425,988
77,1598
67,4912
508,3870
894,3834
281,1445
22,4797
747,3125
905,3402
934,1314
509,4826
709,3836
920,616
574,295
98,4425
427,1482
839,3045
625,1308
852,3133
680,4901
307,1411
277,1872
705,425
700,3883
214,406
842,4813
840,2973
835,3031
121,1267
736,1180
296,4627
688,3983
488,4038
570,3832
681,1663
143,2343
547,317
645,3987
941,1515
699,1474
215,3477
229,3444
356,2301
521,4590
832,3175
86,734
130,4602
875,4024
249,4111
556,1514
840,4105
41,3579
51,3853
93,1181
583,3704
751,2286
319,4048
132,3463
574,4569
840,3211
126,4116
504,2549
807,3002
898,1150
459,2834
694,504
808,864
62,3148
688,3887
537,2484
654,4948
515,2804
10,1570
567,780
164,2542
7,1981
631,765
874,1060
911,2603
160,3640
74,1277
241,1473
419,3891
868,813
579,3670
621,4615
63,4600
282,4932
718,1456
443,1049
933,2603
902,846
121,4135
927,4661
221,2151
659,4950
112,4959
21,1305
102,3927
794,3807
62,1737
405,117
71,1320
837,1769
408,860
855,1215
673,2698
702,1818
872,1664
991,48
944,4823
802,622
562,1435
177,564
608,3011
178,4167
613,861
148,4646
336,1938
578,817
335,3277
443,4987
867,810
260,1395
500,3512
155,4623
832,4461
481,158
436,4005
807,1167
916,471
124,2116
957,3575
108,3971
635,1005
277,2382
826,4873
653,1422
794,349
344,1222
6,3048
699,1175
822,3306
770,1138
929,3905
765,1273
697,382
42,4265
650,4578
320,192
341,3939
431,1127
157,1434
939,2530
729,4891
812,2820
7,1111
371,1466
634,4084
556,1144
702,1409
900,2590
462,2501
206,4689
123,2469
781,836
602,1325
320,3965
245,918
58,2596
292,3472
988,3277
65,4881
686,2045
24,826
843,376
486,2878
760,3422
610,3952
722,4703
226,5
259,1338
665,2509
363,2560
24,4610
540,2223
704,1340
56,3468
16,4874
288,377
570,354
491,3591
365,3397
829,26
323,626
962,3457
883,4095
207,1272
59,3539
331,1382
173,1407
592,4686
100,1
216,1203
444,440
460,2286
479,2985
487,2156
472,3493
267,2383
336,4340
167,2511
809,832
350,2750
935,3826
953,2522
469,2280
352,1055
974,1773
144,2093
561,989
567,4732
228,496
70,4055
148,2756
363,2911
442,2623
376,1984
711,4933
349,2938
510,1210
182,1890
701,805
519,3257
933,4588
337,2616
336,2378
175,2909
771,2934
450,3494
20,1237
351,2492
431,718
731,2981
52,2731
360,2138
43,4514
225,2089
515,3738
142,1236
64,3196
909,1529
102,3281
504,974
734,2763
502,4683
35,2648
993,1
471,1431
229,2943
827,4472
66,3029
908,1846
97,1720
713,4514
356,3866
582,2082
896,2397
984,3927
650,3243
125,2830
823,4729
857,4778
719,1830
847,4666
301,3875
666,264
819,2828
427,527
451,2928
718,1588
815,918
800,2506
880,2045
942,424
930,2228
84,1753
834,744
294,1876
303,1278
101,3403
556,1234
764,4334
70,1174
709,3254
408,4438
39,130
655,1634
372,4586
198,674
320,3747
835,244
100,4396
897,1152
556,441
679,4392
705,3044
753,1396
745,1733
269,2151
998,1426
31,2234
728,2346
667,4237
998,3329
648,581
337,4659
727,3019
702,3739
847,2040
747,3142
437,4556
274,3718
500,96
575,4250
568,2195
445,4034
447,1748
534,142
691,2020
700,1760
32,251
529,1537
907,224
101,565
566,1291
133,4725
554,4680
622,3473
529,2732
161,2919
135,3928
344,3708
823,3627
531,4255
75,1867
474,2704
664,4582
667,2019
644,3843
907,3234
119,2991
372,3160
606,133
79,2592
187,2658
686,2770
887,2800
336,3163
386,4966
833,1140
661,2406
937,2072
927,2555
638,2396
806,3045
875,4163
711,1930
977,2919
617,173
382,1331
637,4652
3,1632
560,3294
374,3681
492,1378
381,3359
71,1782
33,4921
773,2585
973,1309
527,4492
981,4748
346,1940
762,1905
685,2624
637,1984
569,4115
653,1291
914,4018
726,4753
824,1691
119,2933
621,1190
532,1072
311,2805
426,2325
758,1211
880,1888
725,2140
651,3078
363,2730
753,3179
25,4997
115,3895
909,4058
505,4206
966,4303
160,2923
373,3555
203,678
6,4226
905,4440
419,2472
354,4581
356,277
35,775
155,3952
757,985
360,429
968,3347
638,4034
461,416
438,912
214,1412
31,3445
320,3403
37,4457
712,3668
620,2063
595,4624
346,4030
744,2796
383,4536
853,2401
953,528
994,2353
356,4303
387,4739
25,123
896,2432
112,4285
504,4151
879,3058
228,261
995,2593
604,2244
586,1861
226,3697
334,3711
134,2986
219,198
567,1929
207,2131
281,2571
258,4413
464,1151
114,369
828,1993
874,1918
562,4489
520,4214
452,3189
775,4380
519,3625
44,2118
631,1972
536,2120
779,3855
910,1237
797,501
282,3809
672,2614
387,4755
3,2368
417,1790
377,1211
667,13
416,2231
686,387
813,54
848,3603
870,4660
434,715
250,2070
401,4515
344,4573
72,2708
636,3705
458,3716
692,4775
41,3477
771,4824
552,4534
728,2735
768,2204
508,53
261,2274
552,99
774,4053
748,4678
431,946
367,4861
542,1555
984,750
484,4368
297,2463
273,967
53,142
655,2302
188,3314
778,800
384,1352
461,2491
598,2786
938,2007
795,1343
969,4744
661,3204
677,45
848,4615
142,2888
18,3361
985,159
898,4426
854,1890
642,4550
663,1826
699,3329
55,1212
130,3403
96,1447
445,4271
764,2901
994,3365
599,3237
722,3203
245,2824
850,3405
603,4726
438,4964
167,4597
464,1915
636,3397
662,352
85,264
546,3597
238,3973
759,636
481,3480
267,1799
465,3550
453,3823
636,840
35,3707
618,4408
22,1261
16,3504
92,1026
677,1829
249,41
112,276
708,1763
22,4041
647,2963
555,222
518,1293
507,3063
149,2862
682,1441
781,1680
563,3467
260,1690
967,44
396,4173
804,1928
505,2799
705,4097
674,2173
810,324
527,4835
667,2105
327,1998
399,1839
362,958
51,3875
661,200
182,2676
215,1060
568,518
406,1429
815,2384
335,1178
655,2065
617,2859
698,1630
664,3486
916,3078
777,1934
888,3768
312,4000
265,4469
374,3502
492,3884
502,2418
437,1745
188,425
48,1166
93,4906
153,3968
647,3366
278,4943
119,4519
904,3250
55,2939
139,3581
778,2587
199,921
232,2508
992,4104
600,1248
966,3439
443,1571
124,1908
63,4909
437,2932
339,4230
354,4994
248,3585
398,739
75,800
87,3783
658,562
774,665
280,158
612,4372
831,2914
880,1437
499,4917
613,260
349,436
861,230
999,3621
6,3029
23,367
352,1996
522,4604
302,3626
299,4406
133,4883
402,629
224,4085
774,4676
829,1468
66,4747
579,793
767,4474
688,2405
723,3978
338,1570
118,2086
249,1087
693,3003
924,1298
711,2418
922,3011
601,1570
247,305
129,3897
317,2386
311,2960
56,275
546,1764
57,2207
750,4055
833,2949
106,2910
291,733
114,4745
112,3745
594,2074
510,3129
849,47
879,422
322,2491
728,3983
959,3602
502,2274
533,2758
683,1066
234,2298
585,192
711,4722
716,2836
782,4737
983,3149
347,3526
787,4557
738,341
303,317
223,2326
75,2666
641,4935
125,2980
922,2702
121,3362
467,1768
728,2738
306,4498
18,2865
383,22
474,2483
51,488
395,4027
234,3196
886,3264
178,65
768,3397
28,1388
552,3747
940,3608
760,3585
305,1546
505,1096
957,916
719,476
714,4234
23,3930
556,3384
476,4802
485,4775
984,895
220,4234
692,269
131,1635
997,839
408,980
900,3675
152,1500
186,1885
949,1073
189,457
585,573
566,1184
568,722
707,3786
48,2632
110,2242
994,4759
153,797
823,2921
160,2400
352,90
559,3480
907,605
127,4056
969,2718
401,3892
840,4694
274,691
417,2844
944,488
460,2237
394,763
209,1686
435,4796
980,50
112,3958
524,2725
355,1243
70,303
679,3743
124,1072
299,2736
640,807
394,3518
617,1551
243,4263
504,788
313,2318
660,4804
812,3160
987,3576
298,1704
335,2201
552,1848
378,829
235,3681
478,4760
426,200
992,3833
712,584
308,1870
227,1415
773,1197
805,277
304,2436
244,1146
290,4906
180,4314
578,1297
186,97
698,2949
433,4532
10,2128
583,1447
590,221
396,767
827,1667
578,20
926,544
874,2541
214,4542
388,4399
453,971
704,1328
122,3668
553,4140
1,3027
491,3778
259,4582
689,3110
748,2701
281,2923
189,2598
593,3847
209,2119
431,3803
560,1930
181,4664
221,3529
491,666
121,1625
220,2833
551,2990
277,2498
507,3891
691,3690
667,4157
235,3410
664,1625
742,4265
668,462
28,4011
748,4837
771,1041
371,1735
252,537
904,1862
735,317
219,4068
99,20
388,4467
52,1748
653,1141
188,13
615,2434
9,2002
661,3926
163,4728
611,627
707,4685
687,203
968,706
198,541
917,4166
266,3966
685,3511
183,1233
321,4552
666,4095
743,584
701,1827
66,1187
409,980
521,4752
480,415
416,1153
956,3127
176,3598
873,1547
784,190
12,2206
956,3909
731,2163
800,2658
637,3754
272,2640
573,561
766,1885
662,1268
197,2742
487,4796
811,302
826,1433
90,2033
527,1145
470,3590
137,523
400,355
857,572
22,1791
2,2041
397,2719
444,4124
788,513
676,4325
273,4346
538,1110
273,4970
292,4597
918,4161
306,2410
859,3464
238,2348
91,2304
623,1766
241,4083
250,3010
290,2168
300,4576
949,4704
894,3158
363,2398
299,858
950,2346
405,1956
521,3478
169,4001
176,2392
418,531
37,484
968,2320
337,1434
711,2461
811,4076
845,4798
649,3570
512,26
573,1833
206,1598
357,2010
177,2550
915,1038
764,1095
224,3391
426,4862
636,4726
391,4671
514,651
152,2256
502,3829
81,4264
455,2673
866,4947
752,3005
135,1320
836,2656
622,1173
911,4335
701,4963
917,2933
508,1991
507,2478
879,1297
923,2414
491,591
948,4544
463,2812
242,826
125,4882
906,3887
558,951
155,4157
868,702
721,1677
764,2152
562,1044
616,4395
123,4053
544,825
705,411
883,1947
186,4467
943,1799
806,4742
589,1797
221,85
575,4798
375,1311
646,195
356,4560
502,3868
835,960
421,2453
885,822
468,1088
869,3205
147,1370
871,3409
280,4572
604,4123
641,1014
372,490
52,2748
969,907
366,1812
150,1667
605,495
209,3248
462,4915
101,2545
585,935
63,1285
366,2343
971,71
519,4954
271,150
980,4539
734,1105
432,3609
916,3577
768,2081
158,2425
370,222
295,936
230,1150
277,311
371,4130
695,2010
594,833
325,574
704,2672
470,1217
63,2116
39,2474
225,1517
205,391
376,3442
343,2304
43,617
965,4805
845,4872
371,2056
316,3402
163,2968
206,3925
138,2774
116,2536
908,2259
816,3838
886,33
100,1620
149,2168
752,4902
224,787
2,610
827,631
447,3790
549,4469
490,4023
769,1445
895,1777
743,719
482,4510
679,4338
682,4122
231,1523
683,4206
892,4269
173,638
622,3883
961,4796
148,4576
309,1683
766,2069
938,3381
149,3895
30,3703
690,1734
326,1724
578,4380
828,4178
170,3263
430,1971
657,1720
595,437
123,2265
432,2506
929,1676
15,3577
263,1401
482,4830
576,577
7,4468
930,2980
714,3689
371,4435
406,326
234,1612
460,4949
990,3417
701,3194
53,2362
932,4222
885,140
261,2171
346,3621
404,58
222,3850
634,2053
172,1731
53,4954
681,1179
313,4616
407,1018
817,1692
126,2154
621,3203
702,2330
307,1871
740,4843
128,3532
547,2981
315,4752
693,4772
274,2416
233,2966
676,4518
127,3620
570,700
596,1169
279,3954
387,537
135,893
272,1132
48,3175
517,3396
182,451
17,3209
542,604
134,2672
616,4409
409,3181
965,4505
636,1489
789,3690
170,2081
82,3156
250,4382
903,2341
733,148
132,4439
458,4689
1,3012
608,136
391,395
814,3576
868,988
238,4660
876,487
176,4672
497,2531
675,1881
958,2392
414,4006
292,2906
621,2733
415,767
93,3849
78,3940
969,4857
988,2350
162,152
17,1326
758,2562
780,3306
108,3116
374,4163
574,2545
157,4922
821,1449
478,4750
361,2521
878,558
824,1672
776,2651
847,525
744,4507
335,2633
951,3174
659,4141
265,1152
401,1973
922,4692
664,2813
174,2156
258,4395
161,2536
379,4801
535,129
998,1846
218,4718
102,155
938,1749
652,1524
558,3146
405,2032
178,3325
687,2654
898,2811
587,3545
259,1553
696,1759
417,4986
193,570
198,2833
223,212
865,1346
535,4929
246,3686
332,1602
515,4773
258,4267
7,824
877,1584
212,4096
780,4143
344,685
898,2422
924,1807
903,2106
901,1854
62,1704
950,3418
541,2056
819,1454
439,4749
189,486
945,3720
420,2092
275,2934
512,13
77,2556
691,415
443,2471
203,3975
325,403
193,1600
667,535
598,1454
317,4563
523,3196
695,2868
985,4499
457,3264
8,1994
196,2165
381,1986
308,346
307,4512
911,4307
914,4111
372,3268
663,4944
916,1213
848,745
456,4818
218,2355
304,1028
291,3931
285,2033
173,4142
577,3706
749,1793
560,2102
763,2277
723,3606
938,4958
397,2566
211,2002
754,1960
420,1821
830,3744
729,791
472,121
644,845
118,1728
93,3327
317,1706
338,4367
364,2311
760,2525
191,1424
426,1047
34,4063
342,1665
363,3002
805,297
941,4821
552,3629
706,2549
877,2647
706,4441
383,1015
39,2657
101,3846
92,4221
316,3489
833,2892
347,4204
8,3056
444,1093
366,1841
131,3118
914,1441
686,2519
230,4895
63,1437
314,2381
550,77
770,1531
191,2416
689,476
571,4172
940,4407
572,1418
990,2555
366,1777
934,671
286,2019
471,1593
721,1822
397,1789
343,3775
745,3340
634,3963
550,2771
488,3308
729,97
986,2620
396,2938
62,3575
630,4346
579,4559
462,311
856,2250
147,1222
165,3119
327,3238
899,664
665,74
971,193
800,331
308,2477
173,2089
511,1256
317,2074
300,1454
120,4538
525,97
208,1861
971,4138
424,2641
447,2211
712,1366
7,3231
92,734
916,3301
770,3733
295,705
69,2266
494,2107
265,3306
69,4815
963,3108
778,4579
410,411
463,2914
677,3674
529,4958
188,2627
653,660
3,3995
100,221
162,1527
173,2816
7,4469
94,3493
670,2880
792,346
284,10
474,3333
534,48
184,3805
216,1909
576,2268
3,2427
678,2374
688,10
880,2139
521,4085
804,1812
209,2639
29,1823
823,2683
952,3274
741,3280
138,2213
82,2148
770,3283
69,2131
20,256
916,4653
576,539
18,539
798,740
994,4218
457,515
882,1090
548,824
477,4656
274,2882
198,2797
514,3482
571,89
182,1069
266,1977
524,1488
316,3392
522,2272
507,1989
511,4682
563,132
471,3325
753,4797
858,4649
464,3907
430,3649
624,45
268,762
913,744
496,3638
401,3582
653,4185
535,322
560,288
497,4161
623,4003
804,4717
592,2390
87,2805
820,206
769,4370
554,4224
911,1217
726,3714
176,4812
595,1720
128,2057
366,1778
798,3304
413,3727
428,79
686,2113
233,513
87,1322
550,322
24,3379
593,106
571,3511
381,2467
790,4569
112,3208
335,3893
740,3245
568,3843
775,621
653,3075
46,2202
795,2222
357,3458
219,4472
693,4987
377,322
589,3267
976,1093
417,2227
61,115
606,4705
860,808
877,2222
260,755
996,1130
259,3583
78,1242
150,1836
8,4058
741,3102
84,3102
571,3987
524,2576
935,4488
616,760
299,3722
52,1090
333,1574
114,4834
827,4598
765,3648
763,3358
865,1309
422,1547
897,3399
646,2748
666,46
883,392
538,4658
299,3782
220,2051
446,384
386,1845
692,4983
405,3256
566,1934
554,4731
426,574
365,651
804,4411
168,3087
878,4965
929,1653
744,1923
257,2292
408,4291
533,4111
459,3491
795,4891
545,2200
487,1955
899,951
529,3282
627,4272
967,2201
799,1204
412,868
983,3564
288,2861
117,4995
313,490
641,255
597,4931
199,1986
157,803
492,622
133,1147
732,734
412,580
804,161
789,1487
35,908
902,4152
542,631
316,2100
399,639
24,2658
510,2081
906,3153
711,1415
676,3858
3,3415
322,4007
116,2344
141,3245
201,3965
369,1449
481,333
530,2844
829,4470
726,831
504,1692
362,1595
933,3327
700,2501
553,3998
225,2887
138,1222
388,1812
586,1629
4,559
802,1008
941,389
547,140
758,3275
35,2627
216,4605
70,980
830,2640
745,3895
913,416
908,2664
219,679
98,2314
710,2547
595,3013
631,734
683,3751
41,1283
889,1317
580,3839
324,958
9,947
224,1979
291,3772
680,3190
342,153
735,3517
952,4851
797,780
71,3823
402,4346
922,2517
679,2977
198,804
652,4891
820,2263
902,2259
639,4795
712,1426
952,617
659,3856
152,2530
768,3494
695,989
965,2476
728,89
590,4436
558,1741
677,4350
25,4977
892,2358
193,1438
674,4742
994,2629
461,2850
137,3893
226,1222
571,3882
864,693
505,4189
473,3608
115,1900
18,433
886,3114
514,3272
622,4163
860,2315
160,679
304,284
803,3907
349,2087
196,2889
718,725
755,415
326,867
94,3721
2,2508
365,4749
884,3742
707,1354
21,3076
343,1353
648,1831
790,1422
869,846
112,3481
701,530
462,106
485,1269
894,219
289,2956
458,2011
438,2800
902,813
842,470
263,591
831,3095
677,1223
159,4990
848,4265
47,2114
958,1304
493,88
159,4935
428,2074
361,681
406,290
973,3831
908,3013
734,2476
102,742
27,903
521,4522
754,2418
924,1440
958,4894
273,4474
632,4743
724,1742
329,1654
240,4044
255,3803
888,561
867,3066
947,4924
57,959
248,2157
394,1566
596,3588
286,4212
534,843
574,3302
568,1118
943,1293
21,3408
426,4797
380,1660
240,4087
716,489
423,940
375,4935
364,3582
108,295
342,2205
405,1471
899,2633
92,2279
512,3355
24,4215
138,4116
889,3585
841,3680
318,4623
553,632
435,2592
555,345
936,4506
391,2466
740,3659
667,101
597,1206
498,4036
595,3725
255,2089
277,2457
773,4110
387,594
676,638
312,4577
230,2393
340,3836
76,2031
437,3793
227,560
976,1898
175,4980
772,854
34,804
781,1839
418,1935
426,2707
91,1324
60,1397
803,1562
121,3508
416,848
280,4817
438,2174
626,276
220,556
792,2259
697,2561
649,1779
647,4034
370,4037
310,4249
789,4999
237,2724
752,1760
414,4630
547,1748
894,193
403,878
312,2341
85,34
259,2086
942,4223
531,1655
39,3876
843,2665
252,4039
879,661
770,320
594,2514
251,3758
378,1487
573,3673
436,4648
850,122
421,4242
354,654
271,555
418,2487
653,3212
426,4206
720,3617
48,4930
293,86
874,1926
23,2865
350,96
397,1278
690,700
38,4599
456,328
239,4754
46,3524
885,2716
340,2303
406,1262
544,1724
54,3883
73,4483
975,2188
679,1930
425,1544
866,508
966,887
268,1695
205,3039
588,3875
402,2265
79,38
298,3730
400,2583
364,4443
955,3404
571,4259
491,4532
47,4739
419,1042
817,1022
411,3690
68,2378
203,3678
898,2465
3,4973
124,2909
271,282
842,2487
765,3955
875,4378
121,496
8,1291
359,451
570,3225
668,3069
853,100
328,2999
343,3899
711,1726
576,1797
340,1609
834,3902
180,2501
193,1156
491,3088
542,4338
615,847
743,590
35,2264
480,4061
482,2530
258,2121
341,4470
461,1632
499,1749
350,546
642,983
193,504
388,2435
295,3913
28,318
307,3348
454,366
417,955
807,2525
955,2380
492,4224
572,3879
880,954
609,3486
507,3028
191,4719
234,4564
766,2788
690,3919
937,4672
414,2919
810,3823
818,4003
945,4526
292,3311
399,221
224,1302
609,3905
873,4711
192,769
854,2545
404,1717
560,4592
671,442
304,2618
607,4147
302,1717
700,2795
604,2171
49,1267
929,3021
848,1849
150,728
69,4358
265,2763
762,1175
140,4448
411,184
400,4895
209,4509
955,1396
635,2075
812,84
927,2610
68,145
2,1226
328,941
220,1176
84,150
409,792
935,2453
290,747
561,2680
104,4889
334,229
405,3753
696,2776
709,1019
829,3641
562,2923
531,621
868,2348
869,951
259,256
727,1719
683,888
229,2352
41,1972
271,676
733,2710
448,703
603,1480
198,3177
962,4223
237,4809
193,1872
524,2968
680,2186
589,4116
756,631
400,4553
505,4619
137,2257
918,1023
129,4011
434,223
579,3050
910,2922
608,430
176,4659
919,72
733,1312
684,3248
902,1580
116,876
938,2979
292,2967
208,4755
848,4090
871,2976
657,972
820,606
638,3614
875,4414
766,4797
293,3848
360,1854
49,2484
907,2211
117,3601
49,3173
32,3491
272,2834
273,1760
872,1259
721,1869
429,792
639,1702
313,4228
164,1278
222,3056
54,2081
188,1833
656,185
446,2715
476,2822
501,4683
661,688
502,2682
460,71
998,2199
791,4088
984,1165
808,1925
116,2810
781,2482
399,305
495,2564
388,3140
32,3738
613,2030
34,3986
319,3021
297,816
895,4794
651,885
160,2238
632,3924
608,1315
596,3997
753,306
804,2222
218,4937
406,200
79,2637
229,3543
144,2985
422,1076
294,1752
203,4435
211,415
617,747
848,731
803,898
782,3710
933,1417
221,3482
502,4083
293,1257
651,1277
339,2773
32,3360
841,1761
55,1541
298,2386
882,2614
196,1837
369,1758
278,3405
945,2855
598,2488
309,4465
985,361
675,1488
916,4993
556,956
132,3640
843,2829
399,4794
267,4003
844,491
359,4333
548,577
631,4379
806,1750
377,355
530,486
653,4277
490,4578
801,3189
323,1143
609,2007
147,891
193,4977
819,2117
699,684
806,3470
387,1474
435,3050
254,1913
795,4135
891,2483
145,2759
602,4762
27,1831
64,1250
715,272
463,4745
434,2584
695,1426
278,3397
851,4742
860,1610
158,2839
488,905
571,1945
268,1311
957,2688
560,718
101,2238
147,3943
553,3662
767,502
596,2843
314,628
498,2979
378,1955
424,3666
222,2685
112,4088
104,3406
311,3252
510,2626
945,2794
613,2723
733,3561
567,4512
812,2021
770,3520
596,2043
227,1834
27,1554
289,2444
727,4054
121,368
407,1765
561,1672
410,2586
370,1998
592,2091
132,2276
120,214
754,489
53,1060
610,1729
938,4105
343,2092
822,2083
495,4372
141,3393
638,3548
382,4061
518,2959
31,4487
819,597
562,3270
209,992
211,1143
823,3313
750,2804
278,2634
594,1650
97,4082
279,710
15,1800
944,3567
478,2361
816,1851
236,2773
985,1790
654,305
811,1482
640,1681
652,2016
346,910
865,1610
359,1114
651,2578
926,3874
469,166
472,3
176,2133
872,3418
240,3429
548,4302
675,3055
162,3776
577,4849
781,3268
816,3366
524,4116
168,35
601,1235
153,1241
317,935
218,540
225,2013
925,1088
228,2714
24,1422
689,976
650,2990
15,3548
923,45
487,159
339,3527
727,923
341,4197
360,3749
474,2397
307,1607
22,2271
256,102
204,4210
798,2891
564,2053
27,1003
595,1138
933,1988
418,955
842,2524
545,4192
75,4428
59,581
184,1696
184,3532
870,4895
92,2495
206,1039
101,3868
775,105
831,2817
260,4559
70,2717
365,3604
513,3657
109,1423
38,2031
344,1609
104,3681
944,1836
301,2785
179,1650
777,4792
842,4625
539,2063
178,875
482,4579
241,4359
647,1576
102,1462
639,3598
761,2700
636,4459
863,1046
838,3588
789,617
764,2280
944,2163
342,3193
209,4119
356,1027
247,2294
800,2562
418,858
822,3281
858,2079
237,3096
184,3535
384,2848
48,4298
904,699
805,2071
662,1658
299,3515
815,4096
272,2691
752,4202
126,3735
294,4030
350,3660
272,612
182,1367
871,2589
613,727
337,2948
638,4321
125,3653
105,618
760,1361
789,4733
461,1317
618,4280
342,260
358,3937
593,3343
261,404
716,151
243,1357
762,1655
17,3859
48,2666
982,4163
213,1540
947,3348
413,4778
840,4248
196,3702
139,2268
339,1916
111,794
369,4079
758,1606
533,1848
253,2230
426,2708
525,247
116,1919
882,3764
959,1638
534,948
791,994
842,3998
275,2210
306,2835
739,2364
80,902
189,2658
125,3608
548,3902
713,207
847,4524
931,1051
97,532
922,1
884,339
373,1630
93,340
452,4032
644,1961
425,700
761,2118
517,2405
988,4759
643,2756
746,3641
47,3796
717,511
422,928
338,3874
726,3589
490,263
557,1559
425,390
790,299
82,4449
80,3468
823,1493
534,928
914,1270
380,2482
766,496
784,962
156,1468
449,2451
915,1927
714,3060
150,3511
463,4503
910,2024
163,4292
609,1278
96,4589
750,2614
784,4457
787,2509
579,1169
619,1871
699,3925
919,2943
454,3090
227,2273
863,4684
969,4141
760,4134
223,3283
884,1886
15,1900
588,1412
271,649
506,773
338,1474
681,4549
232,4923
579,4773
277,1419
991,2972
751,3173
666,12
719,3264
78,3120
809,1863
985,4757
568,2986
379,3066
453,1305
428,833
158,3635
191,3296
428,3035
120,463
37,2398
343,3671
711,2978
254,1253
28,3051
601,174
194,3468
899,65
335,1589
162,137
253,454
291,1164
181,2473
119,4651
502,162
329,2957
658,1184
613,4799
394,635
674,4144
643,2083
977,2379
722,2419
434,4119
138,841
117,2406
973,2004
439,2881
571,221
134,2272
418,4472
986,2828
58,3121
907,3110
9,2848
108,335
13,3330
720,868
311,1211
62,3022
725,4860
910,967
518,4138
709,284
926,3670
389,1967
252,993
877,584
633,4532
307,1949
884,2399
418,2351
447,1560
515,1123
932,86
440,325
410,1265
763,2197
821,1108
883,730
385,2875
384,4090
756,1934
371,3962
336,3155
364,205
853,3068
388,3948
835,3781
123,2791
804,1658
600,2100
163,4772
896,99
847,4689
130,832
51,3103
797,1708
940,3306
503,452
508,2581
70,4717
465,1795
697,3967
480,3784
549,2895
207,1123
967,84
263,2864
876,1905
630,208
389,4567
420,4769
664,224
597,4663
66,2663
945,2136
924,1369
20,2441
488,3304
212,4610
187,2517
845,2792
781,2065
802,2325
743,2338
439,2908
439,4975
179,2619
794,2725
513,1722
439,2345
347,3286
786,3382
126,330
446,4281
908,1613
325,200
604,2519
556,2284
650,3244
529,2101
161,11
710,920
21,1931
992,4399
425,1424
759,2321
401,1423
229,2526
643,2938
69,3187
197,2181
490,2490
751,4313
530,1523
336,1835
33,3806
514,703
688,2005
298,4583
116,754
448,3578
705,4272
110,4579
824,4808
704,3878
883,1521
916,3002
301,618
865,3089
319,699
545,2311
320,156
260,3918
798,3725
235,106
357,2053
453,771
725,3999
675,1311
121,4696
79,4954
369,3323
353,4034
334,4030
31,227
853,2830
705,4034
387,3603
788,952
966,2584
465,3365
914,2649
58,2906
349,932
26,1193
877,1081
114,933
201,1295
968,1141
554,2480
708,3082
242,3605
206,384
725,3348
234,1289
527,1935
196,1856
113,1902
387,2679
244,613
752,2890
378,3706
603,587
190,3157
173,4416
363,597
782,225
560,4925
44,1694
552,4675
697,1164
390,1046
306,2421
508,1943
851,3679
302,1180
846,2374
366,781
373,4808
196,4231
92,4950
333,4819
556,3097
973,1796
558,2056
263,4196
362,2064
501,1916
855,1994
673,1595
431,2301
931,3440
496,2684
472,2222
79,4025
378,4431
381,4227
101,2574
82,200
654,350
362,228
796,3251
783,4849
351,1050
153,4643
454,1352
220,4518
766,1700
338,1945
632,4621
505,4989
238,3079
630,431
521,3058
640,2446
252,4304
410,4549
941,4552
60,2765
478,1645
984,802
385,933
483,2829
731,1422
166,4392
268,1644
348,2699
210,4659
855,3137
468,1420
977,926
874,2611
576,2882
535,3674
640,2737
686,1586
734,4764
65,2813
114,1611
290,4642
880,685
861,1064
360,1730
437,3494
875,4018
154,1058
720,202
279,584
756,917
837,4560
497,4436
564,1219
289,1775
108,3983
944,3000
93,3213
971,2533
501,3364
466,3402
386,1577
63,3813
306,2899
531,4794
435,2860
830,483
184,2630
105,2554
769,780
206,814
610,4404
778,759
450,1375
726,1367
646,3257
307,2676
412,4816
555,2892
114,1977
850,707
77,3546
754,3838
204,3435
991,4141
108,4957
801,1822
524,663
974,3762
630,453
751,3296
927,3980
925,3648
798,1726
157,1335
560,697
254,2054
292,4368
142,4390
210,4094
570,1011
675,445
364,1632
623,4419
850,3124
24,1030
756,722
487,1107
29,4274
416,926
181,3179
894,711
842,1501
373,1453
696,2172
946,3931
888,2798
181,1748
913,1419
964,60
156,1460
798,4632
548,3194
873,278
34,3932
110,1801
944,3279
880,3975
276,3166
626,3949
766,1548
756,3138
795,4498
440,3697
790,1558
961,686
687,507
240,4742
709,390
234,2574
712,3444
317,1529
693,550
679,123
808,304
524,3933
902,3543
664,4760
392,3007
489,279
975,2229
634,2903
361,2799
956,3788
470,2247
71,1102
24,1977
908,2986
39,4099
327,221
644,3404
646,2512
569,2959
233,413
814,1741
48,4958
570,1537
461,2496
788,1454
307,950
712,3199
773,1687
133,1996
727,4851
374,1464
348,4705
453,3058
313,1639
277,4689
126,3332
699,4860
800,3075
44,774
574,4029
434,1034
535,876
922,4889
280,1318
297,3026
116,926
821,1877
330,1593
432,1439
584,2471
750,4542
559,1346
22,4105
635,1124
309,3077
359,2804
331,3640
852,324
91,166
226,385
672,1193
850,2713
893,2390
200,4959
391,1477
492,2655
589,4703
975,50
692,3393
124,1077
583,3047
752,2424
459,3284
400,330
707,4549
934,4423
107,504
600,2803
109,1097
917,522
681,4268
505,182
379,492
623,4800
364,4350
586,3909
12,1798
917,1604
139,4936
546,2820
265,4196
30,4283
152,3525
869,2618
102,4493
959,1795
687,2855
952,4427
250,2472
118,2566
353,2840
977,4626
709,3341
47,3817
638,4722
96,3495
80,933
215,1644
509,236
858,4237
926,2062
572,4609
24,3680
27,1278
151,1273
334,3229
956,3227
577,823
446,3698
926,448
586,4964
88,3271
62,3542
44,3646
587,4142
905,3671
922,164
611,3558
749,1427
879,3808
926,2197
188,1574
624,3323
236,4137
262,1998
497,1754
703,3655
505,3255
963,3058
855,204
917,3183
875,1752
122,1070
794,467
594,943
177,3199
59,3255
765,533
941,162
781,2010
442,4994
922,2679
305,3774
250,2713
130,4687
221,489
599,859
891,689
154,2230
621,3436
38,4897
239,4125
370,1839
908,161
317,3091
726,1750
955,1274
819,3061
915,2671
268,1052
349,850
332,245
50,4971
959,322
369,80
918,4796
751,2357
749,2677
170,3598
875,776
555,4557
349,3449
150,4760
950,3268
126,62
53,3753
146,1993
184,2392
566,3705
844,3443
262,300
269,4458
755,2686
487,564
32,3009
965,4201
149,2368
368,137
379,4295
716,3632
975,3436
476,3989
314,119
733,1573
508,1919
230,3323
349,1043
948,2010
481,3936
166,3176
843,2264
916,1393
146,2826
937,3196
84,408
410,1291
600,3944
487,4884
519,798
475,1378
387,4783
648,1354
704,2688
253,883
284,3599
714,2569
830,3007
313,3889
996,3918
674,3801
795,1106
390,1054
201,3095
746,326
524,2542
976,3071
305,3704
103,851
677,756
726,3308
61,1384
299,1354
649,727
655,3832
566,3908
334,4175
797,3819
241,623
942,1311
324,1173
111,1864
9,2188
537,4209
173,4035
977,4736
626,1712
187,3389
826,281
466,3120
813,3462
357,120
161,3897
114,3647
522,1427
271,4274
385,2639
23,4267
312,4061
740,781
955,879
50,3586
332,4235
987,1801
328,2509
678,4887
474,3023
361,3751
414,2199
813,4829
703,2596
703,3048
214,2942
609,819
763,601
853,262
771,2043
462,1437
978,2407
58,573
10,2596
83,2905
237,3021
299,1543
911,3856
172,1979
650,929
8,2181
818,3023
553,2029
594,2422
265,3314
177,1010
599,1035
389,2976
694,3792
225,3447
537,3800
796,1639
433,1699
701,3176
196,3935
22,845
510,577
20,2639
966,3898
827,4721
833,3227
579,3442
476,85
703,122
645,2871
203,616
357,1134
126,4666
579,2500
239,4839
504,1672
637,3329
94,2087
933,2424
278,171
831,2273
162,1105
352,590
916,4673
569,4751
739,4667
775,3897
967,2169
446,2370
724,946
327,3155
777,4283
941,204
904,1996
424,4531
843,2446
898,3924
49,3312
50,3716
569,1059
425,1804
588,917
981,2770
604,88
214,4595
890,1293
693,4589
403,1153
847,3855
427,769
17,3401
327,4920
665,322
557,3822
836,1065
89,2738
442,4434
255,2121
806,2764
713,1173
780,91
723,2747
774,1474
668,865
798,3963
902,2166
49,1164
19,3970
392,2692
829,1227
193,1522
715,4930
41,3599
21,4142
192,2423
275,3778
473,738
46,1889
688,4093
249,1314
187,2697
596,3002
280,745
18,2448
457,2932
937,3849
352,1335
973,4481
493,4679
180,1197
67,4363
929,30
148,613
641,2301
226,3114
857,3097
890,923
163,3182
529,952
381,4330
24,847
859,3670
946,4431
768,1234
455,2456
239,4897
685,2032
5,4012
978,2382
708,2356
579,307
681,4939
527,993
38,3797
239,3314
98,4822
560,4603
608,3450
602,3546
894,4426
655,3551
809,3530
62,1635
93,4193
527,3700
343,3565
387,5000
272,4375
512,4523
284,1560
645,2734
217,3160
111,1157
335,1626
968,2859
896,371
493,139
773,3019
9,1216
302,2480
454,834
648,3474
592,4789
604,4111
873,2480
861,3551
49,1049
142,3079
814,3633
726,1723
56,4190
548,19
453,4562
757,2175
973,3524
379,2386
778,4591
555,3344
519,1946
618,1014
978,1828
709,2239
695,4582
495,4803
117,3701
759,2848
585,816
74,1510
571,994
861,4538
306,3833
598,4130
10,3495
167,1547
125,892
77,21
572,385
855,3971
308,4787
469,292
300,2959
576,4685
538,2850
362,2213
96,3181
535,3358
172,3294
524,3778
66,393
554,379
701,3341
878,2608
296,4273
720,3872
155,4263
89,2756
315,1935
722,3547
618,3480
407,881
57,2690
159,2888
785,565
880,2062
905,4007
806,2294
465,2137
900,2372
18,2389
582,2052
840,2064
858,2342
715,3539
963,2349
821,3474
259,1292
83,2857
210,4026
946,1998
516,443
829,4667
794,3327
222,1937
391,439
990,4616
658,254
952,4688
748,2917
562,3442
634,1011
53,2559
100,1573
562,3988
422,2652
313,1537
690,203
807,98
171,2552
698,2182
174,3923
72,2334
623,2899
574,4338
412,700
229,3515
370,3377
781,2084
190,356
98,2552
337,1342
761,2390
913,3160
283,435
39,3412
234,1197
706,4673
623,1203
534,2600
952,692
795,578
548,4256
265,4031
103,1470
578,3259
974,348
250,3028
323,3109
287,3223
864,4623
658,188
622,134
916,4897
718,1334
194,3189
822,763
308,4503
149,793
594,338
343,3409
941,4775
651,3591
791,1511
393,2420
966,4762
516,4257
50,1450
262,3631
420,3397
788,709
134,2695
789,257
507,2932
769,1230
276,4367
290,1417
833,323
862,2164
890,1656
416,2028
533,2160
872,3596
136,1119
625,1265
940,4110
452,906
6,4288
761,4507
915,416
613,706
632,3165
713,3134
275,1605
74,4338
397,2209
748,1341
120,1392
505,1697
760,2256
406,3412
918,2844
237,2245
61,4998
646,4729
483,2521
164,1096
108,4069
381,2270
878,2269
706,4992
995,3445
615,542
433,3429
169,4648
58,3487
995,2186
589,114
882,4769
555,2545
331,4257
432,4056
168,4190
118,3275
457,295
364,1273
751,2462
511,3771
390,965
367,149
474,127
463,4878
391,2581
776,2350
758,4920
6,1029
816,4522
830,283
355,4031
402,2946
481,3287
971,3231
998,1736
67,1018
487,3474
758,4644
994,2954
547,3364
850,1246
780,3386
917,4404
149,290
357,4474
970,4451
842,185
656,2483
596,1484
144,1603
771,2961
815,1186
209,4236
483,3688
643,770
488,4586
162,4268
679,2245
554,2599
764,3692
802,3352
96,2918
622,2774
677,1881
359,1139
635,2760
475,4643
714,3134
586,436
502,4529
608,4269
829,2456
821,4116
35,3375
290,2147
44,4062
356,2629
981,2629
836,4696
13,3019
391,2018
735,4863
460,3483
278,4501
258,1435
775,4327
391,3679
8,1318
264,4438
415,178
104,1426
418,4739
363,2951
377,139
220,2832
153,2590
620,289
302,1418
721,3208
425,154
453,4970
757,2599
616,3148
451,4905
868,2263
253,4729
427,3135
338,2533
985,3107
281,1491
456,4102
843,2266
440,1729
78,1495
899,4204
132,3052
626,190
142,1853
29,4136
798,3186
244,3476
143,843
168,531
851,891
765,4094
615,2594
409,4019
907,45
534,3474
714,4885
418,2084
215,4020
504,3737
659,2879
837,825
775,1185
462,1839
671,1046
601,1552
620,4055
689,1792
253,1614
66,806
499,4955
677,4773
977,4408
706,683
388,4306
522,4920
417,3007
955,4587
449,2496
364,3210
913,1405
22,2680
283,483
527,3357
321,2610
695,833
689,3792
995,2708
248,2777
174,523
387,4643
721,1647
677,4224
365,3922
588,292
439,351
208,795
194,2512
130,2531
346,1289
272,4762
874,2264
643,1004
385,370
3,773
695,2233
190,4873
367,2730
870,3556
750,2747
726,4491
870,2501
116,4157
730,811
827,1167
334,1972
136,434
731,4060
146,2619
452,4435
285,4036
810,984
568,3781
179,3542
735,834
961,1695
496,1084
182,2153
40,2990
134,654
412,1388
172,4434
286,918
921,3872
150,277
673,1061
576,4868
769,4225
484,654
79,988
924,521
278,2764
